Application Date,Contact Email,Contact Phone Number,Company Name,Job Title,Job Url,Resume Name,Question And Answers
"10/17/22, 7:44 AM",devinrhode2@gmail.com, +16124405172,SoFi,"Senior Full Stack Engineer, Home Loans",http://www.linkedin.com/jobs/view/3312794561,DevinRhode2-resume.pdf,"Race and ethnicity:White | Mobile phone number:+1 6124405172 | Would you like to receive marketing communications about careers at SoFi and Galileo?:Yes | Geolocation: | Gender:Male | Are you authorized to lawfully work in the country where this role is located?:Yes | Country:United States | Have you worked at SoFi or Galileo before?:No | First name:Devin | Race: Please select the racial category with which you most closely identify with.:White | Email address:devinrhode2@gmail.com | Will you now or in the future require SoFi to commence (“sponsor”) an immigration case in order to employ you?:No | Please submit a resume or LinkedIn profile:-1027850307.pdf | LinkedIn Profile:https://www.linkedin.com/in/devinrhode2 | City:Minneapolis, Minnesota, United States | Last name:Rhode | Veteran Status:I am not a protected veteran | Cover letter:-628613052.pdf | Veteran Status	:I am not a protected veteran | Website:https://devinrhode2.github.io | State / Province:Minnesota | Disability Status:No, I don't have a disability, or a history/record of having a disability"
"10/17/22, 7:38 AM",devinrhode2@gmail.com, +16124405172,SoFi,"Senior Front End Engineer, Relay",http://www.linkedin.com/jobs/view/3312796442,DevinRhode2-resume.pdf,"Would you like to receive marketing communications about careers at SoFi and Galileo?:Yes | Are you authorized to lawfully work in the country where this role is located?:Yes | Have you worked at SoFi or Galileo before?:No | Cover letter:-428020442.pdf | Mobile phone number:+1 6124405172 | Email address:devinrhode2@gmail.com | If you selected ""Two or more races"", please check all racial categories with which you identify with.:[] | Will you now or in the future require SoFi to commence (“sponsor”) an immigration case in order to employ you?:No | Veteran Status	:I am not a protected veteran | Last name:Rhode | Country:United States | Please submit a resume or LinkedIn profile:-1027850307.pdf | City:Minneapolis, Minnesota, United States | Website:https://devinrhode2.github.io | First name:Devin | Race: Please select the racial category with which you most closely identify with.:White | State / Province:Minnesota | Geolocation: | Gender:Male | LinkedIn Profile:https://www.linkedin.com/in/devinrhode2"
"9/22/21, 7:14 PM",devinrhode2@gmail.com, +16124405172,,,http://www.linkedin.com/jobs/view/2723277602,DevinRhode2-resume (1) (2).pdf,"Please submit a resume or LinkedIn profile:-1796684382.pdf | Will you now or in the future require visa sponsorship for employment?:No | Are you legally authorized to work in the United States?:No | What is your GitHub handle?:devinrhode2 | If yes, which company and in what capacity?: | How did you hear about this job?:LinkedIn notification, 2022 style | Do you currently or have you ever worked for LinkedIn, Microsoft, or one of Microsoft's affiliates?:Yes - I currently work for LinkedIn, Microsoft, or one of Microsoft’s affiliates | Dod you have Ruby on Rails experience?:No | GitHub Profile:devinrhode2 | Have you ever worked remotely before? :yes, many times. | Do you have Ruby on Rails experience?:No | Please explain why you would be a good fit for this role?:if you need some seriously strong JavaScript and typescript experience, look no further.  If that isn't exactly what you are looking for, I'm probably not the best fit. If you need someone doing anything other than non-trivial database work, I'm probably also not the best fit. | Please acknowledge that you've read the GitHub Candidate Privacy Policy.:Yes | Mobile phone number:+1 6124405172 | Please provide your current location::Bloomington, MN | Last name:Rhode | First name:Devin | What do you think are some of the challenges of working remotely, and how would you address them? :Sometimes people don't write in the clearest manner, or some conversations get a bit emotional, and you need the instant feel of video calls. As geeks and nerds, video calls may not be our first option, but im always happy to try and schedule a call. Likely, it will be quite difficult, and the solution then is possiblity to get a third, fourth or fifth opinion on a piece of code. | Website:https://devinrhode2.github.io | Why do you want to work at GitHub?:GitHub has been one of the greatest things in the software world. What would open source be without GitHub? This is an absolutely unspeakable public good.  Needless to say, I love open source, and would love to be in a culture that not only allows but actively encourages contributing to open source (possibly more than any other company in history) | Email address:devinrhode2@gmail.com | LinkedIn Profile:https://www.linkedin.com/in/devinrhode2"
"10/26/22, 3:10 PM",devinrhode2@gmail.com, +16124405172,Planet Pharma,Sr Software Engineer,http://www.linkedin.com/jobs/view/3326590858,DevinRhode2-resume.pdf,"Email address:devinrhode2@gmail.com | Do you have JavaScript skills (3+ years) with Modern Frontend (React.js or Vue.js or Angular.js (prefer Vue.js)), Node.js, and webpack experience? Is this reflected in your resume?:Yes | Do you have a bachelor's degree or higher (preferred)?:No | How many years of relevant experience do you have? :10 | Mobile phone number:+1 6124405172 | Please submit a resume or LinkedIn profile:-1027850307.pdf | Do you have Docker, Git (experience with Github and/or GitLab), and Backend experience (REST API, PostgreSQL, flask)? Is this reflected in your resume?:Yes"
