Organization,Followed On
University of Minnesota Duluth,Mon Oct 24 02:56:23 UTC 2022
XMTP Labs,Fri Oct 21 21:53:12 UTC 2022
Spotify,Fri Oct 21 16:32:29 UTC 2022
Shortcut,Thu Oct 20 15:36:06 UTC 2022
Welcome Homes,Thu Oct 20 15:36:02 UTC 2022
The Home Depot,Mon Oct 17 21:45:17 UTC 2022
World Wide Technology,Mon Oct 17 17:00:06 UTC 2022
Reviewpad,Fri Oct 14 18:34:24 UTC 2022
TextUs,Thu Sep 22 10:59:54 UTC 2022
SoFi,Wed Sep 21 14:23:19 UTC 2022
Discover Financial Services,Wed Aug 17 00:22:55 UTC 2022
Bullhorn,Mon Aug 15 17:23:41 UTC 2022
Stately,Fri Feb 04 03:14:14 UTC 2022
Amazon,Thu Oct 21 13:15:00 UTC 2021
WinField United,Tue Oct 05 02:12:39 UTC 2021
W3Schools.com,Fri Jun 11 20:59:01 UTC 2021
Google,Fri Jun 11 20:59:00 UTC 2021
Simon Sinek Inc.,Thu Apr 08 15:51:53 UTC 2021
Boxable,Mon Feb 15 23:52:49 UTC 2021
BOXABL,Mon Feb 15 23:53:59 UTC 2021
Randstad USA,Sun Jan 24 03:21:09 UTC 2021
"Ameriprise Financial Services, LLC",Tue Dec 15 23:27:21 UTC 2020
Apple,Sun Nov 29 20:43:46 UTC 2020
Levels,Tue Oct 06 12:11:19 UTC 2020
Microsoft,Mon Oct 05 12:22:39 UTC 2020
Request Metrics,Tue Sep 01 14:34:21 UTC 2020
Google Developer Experts,Wed Aug 05 21:19:52 UTC 2020
Google Cloud,Wed Aug 05 21:19:51 UTC 2020
Postman,Wed Aug 05 21:19:51 UTC 2020
GitHub,Wed Aug 05 21:19:47 UTC 2020
JSWORLD Conference - Frontend Love,Wed Aug 05 21:19:33 UTC 2020
freeCodeCamp,Wed Aug 05 21:19:31 UTC 2020
React.js Developers,Wed Aug 05 21:19:31 UTC 2020
HackerRank,Wed Aug 05 21:19:29 UTC 2020
Best Buy,Fri Jun 12 17:20:16 UTC 2020
Realtor Nick Rogers,Thu Apr 16 19:36:42 UTC 2020
Target,Wed Mar 04 19:21:52 UTC 2020
Well,Thu Jan 30 19:59:58 UTC 2020
BI WORLDWIDE,Tue Jan 21 14:12:18 UTC 2020
Allyant,Fri Nov 01 00:39:40 UTC 2019
Robert Half,Wed Mar 06 18:36:15 UTC 2019
Vettery,Wed Jan 02 18:17:48 UTC 2019
Withings,Thu Sep 20 03:44:47 UTC 2018
Helix,Sat Jun 02 23:55:51 UTC 2018
Robert Half Technology,Wed May 30 03:58:57 UTC 2018
Amobee,Wed May 30 03:53:57 UTC 2018
Opera,Tue Jun 09 16:04:32 UTC 2015
IBM Global Services,Mon Mar 21 00:46:53 UTC 2011