Notes:
"When exporting your connection data, you may notice that some of the email addresses are missing. You will only see email addresses for connections who have allowed their connections to see or download their email address using this setting https://www.linkedin.com/psettings/privacy/email. You can learn more here https://www.linkedin.com/help/linkedin/answer/261"

First Name,Last Name,Email Address,Company,Position,Connected On
Mikhail,Shin,,"Akvelon, Inc.",Senior Software Development Engineer,07 Dec 2022
Joe,Moriarty,,Modern Mammals,Founder / CEO,02 Dec 2022
JJ,Nguyen,,Makelog,CEO and Founder,23 Nov 2022
Jen,Dalton,,Elev8 Hire Solutions,Account Manager & Technical Recruiter,23 Nov 2022
⭐️ Todd,Westra ⭐️,,WithMoku,Chief Executive Officer,16 Nov 2022
Jesse,Mauro,,Welcome Homes,Co-Founder & CTO/Creative Director,15 Nov 2022
Josh,Teicher,,Recruiters of Minnesota,Technical Recruiter,08 Nov 2022
Amy,Trast Pelant,,TextUs,Customer Account Manager,07 Nov 2022
Tejpal,Singh,,iPlace,Recruiter,04 Nov 2022
Akbar,Khan,,Horizontal,Associate Technical Recruiter,03 Nov 2022
Johnston,Buell,,Kforce Inc,Talent Associate - International Specialty Solutions,03 Nov 2022
Zach,Gardner,,Keyhole Software,Senior Consultant,01 Nov 2022
Steven,Li,, -,Startup / Angel Investing,31 Oct 2022
Dylan,Cole,,C4 Technical Services,Sr. Technical Recruiter,25 Oct 2022
Jesus,Anaya,,TextUs,Business System Administrator,25 Oct 2022
Tay,DeHerrera,,TextUs,Software Engineer,24 Oct 2022
Anoop,Ranganath,,XMTP Labs,Head Of Engineering,24 Oct 2022
Vishesh,T,,Wells Fargo,Senior Software Engineer,24 Oct 2022
sandeep,vicky,,United IT,Technical Recruiter,24 Oct 2022
Ginny,Root,,"DIVERSANT, LLC",Sr. Technical Recruiter ,24 Oct 2022
Amber,Ronzani,,BI WORLDWIDE,Project Manager,21 Oct 2022
Megan,Dumas,,TextUs,Senior Product Marketing Manager,20 Oct 2022
Joshua,Gaastra,,TextUs,Associate Product Manager,20 Oct 2022
Lisa,Ohnstad,,"Ameriprise Financial Services, Inc.",Digital Implementation Manager,20 Oct 2022
Zachery,Hostens,,TextUs,Staff Engineer,20 Oct 2022
Robert,Speer,,N/A,Product Owner,19 Oct 2022
Wenzhi,Wang,,Anaplan,Senior Software Engineer,19 Oct 2022
Trevor,McElhaney,,TextUs,Data Analyst,19 Oct 2022
Farrah,Abdullah,,TextUs,Senior Customer Experience Representative,19 Oct 2022
Caitlin,McGraw,,TextUs,Marketing Designer,19 Oct 2022
Melayna,Currie,,GQR Global Markets,Vice President | Technology & Trading,19 Oct 2022
Michael,Robinson,,"Lowe's Companies, Inc.",Talent Sourcer (Tech Recruiting),18 Oct 2022
Luke,Mason,,TextUs,Junior Front End Engineer,18 Oct 2022
Michael,Galas,,Waste Connections,Software Developer,18 Oct 2022
Andrew,Strovers,,TextUs,Senior Backend Rails Engineer,16 Oct 2022
Trey,Burghardt,,TextUs,Product Designer,16 Oct 2022
Jeff,Golden,,TextUs,Frontend Software Engineer,14 Oct 2022
JF,Lalonde,,TextUs™,Software Engineer,14 Oct 2022
Sierra,Serrette,,TextUs,Tier 3 Support Engineer,14 Oct 2022
Marc,Barbeau,,TextUs,Sr. Software Engineer,13 Oct 2022
Peter,Spethmann,,Apto Payments,Backend Engineer,15 Sep 2022
Zachary,Weiker,,"Land O'Lakes, Inc.",Lead Web Developer,29 Aug 2022
Troy,Dalldorf,,Dalldorf Technologies,Senior Architect,30 Jun 2022
Ramiro,Beltran,,Ulta Beauty,Lead Web Developer,16 Jun 2022
Peter,Pham,,Kyndryl,Lead Software Engineer,01 Jun 2022
Amir,Bormand,,Elevano,Managing Director,31 May 2022
Susan (Sakshi),Gawai,,"Qualified Recruiter, LLC",US IT Technical Recruiter,31 May 2022
Justin,Dyer,,Syrinx Consulting,Sr. Manager of Delivery,31 May 2022
Kunal,"Rawat, CIR",,Collabera Technologies,Senior Talent Specialist (Digital & Financial Services),31 May 2022
Ratnesh,Ranjan,,Confidential,Recruitment Specialist,30 May 2022
Trent,Hensler,,Super League Gaming,Director of Metaverse Product Management - Minehut,29 May 2022
Stephanie,Stanley,,"Search Leaders, LLC",Recruiting Specialist,26 May 2022
Matt,Kemblowski,,EVERSANA,Director Talent Acquisition,24 May 2022
Brett,Ervin,,SkyWater Search Partners,Executive Recruiter,23 May 2022
Kristen,Leonardes,,Tech Recruiters,Technical Recruiter,20 May 2022
Sahil,Kumar,,"Ameriprise Financial Services, LLC",Senior Engineering Manager,19 May 2022
,,,,,16 May 2022
Siddharth,Karanchery,,Tavant,Software Engineer Trainee,16 May 2022
Hannah,May Fitzgibbons,,NetSPI,Technical Product Owner,13 May 2022
Ashwin,Siramdas,,Randstad USA,Senior Software Engineer,13 May 2022
Kevin,Utoft,,Pocket Network Inc.,Senior Software Engineering Manager,15 Apr 2022
Branden,Adams,,"Ameriprise Financial Services, LLC.",Systems Engineer,17 Feb 2022
Sandeep,Mattaparthi,,"Ameriprise Financial Services, LLC",Sr. Director - Front-end Engineering,15 Feb 2022
Doina,Bejenaru,,Frontrunner,Talent Acquisition Specialist & People Ops,14 Feb 2022
Murugan,Mani,,"Ameriprise Financial Services, Inc.",Senior Full Stack Engineer,13 Feb 2022
Donald,Robinson II,,BairdTech,Chief Development Officer,08 Feb 2022
Santosh,Lad,,Visa,Sr. Program Manager - Release Management,05 Feb 2022
Nicolas,Bernard,,HP,Senior Engneer,03 Feb 2022
Alexander,Wauck,,Iron Star Consulting LLC,Founder,02 Feb 2022
Nishant,Bejroi,,"Ameriprise Financial Services, LLC",Group Lead Technology,15 Dec 2021
Sebastian,Ellis,,Spotify,Talent Partner (via Elements),02 Dec 2021
Arun ,Pratap,,Vertex Agility Ltd,Lead Technical Consultant,02 Dec 2021
John,Liu,,GTR Staffing,CEO,24 Nov 2021
Quoc,nguyen,,Kyndryl,Senior Frontend Developer,24 Nov 2021
Jacob,Brenke,,"Ameriprise Financial Services, LLC",Software Engineering Lead,13 Nov 2021
Ashray,Gupta,,Encephalo Investments,Founder,13 Nov 2021
Vaibhav,Patwardhan,,Confidential,Senior Technical Recruiter,13 Nov 2021
Amanda,Ricard,,"Ameriprise Financial Services, LLC",Director Application Development,11 Nov 2021
Mitesh,Mehta,,"Ameriprise Financial Services, Inc.",Senior Software Consultant,06 Nov 2021
Cameron,MacDonald,,"Ameriprise Financial Services, LLC",Front End Developer (Design Technologist),05 Nov 2021
David,Koepplin,,"Ameriprise Financial Services, LLC",Senior Product Designer,05 Nov 2021
Ramesh,Aki,,"Ameriprise Financial Services, LLC","Vice President, Digital Solutions and Engineering",05 Nov 2021
Will,Chase,,"Ameriprise Financial Services, LLC","Director, Sr. Product Manager - Digital",05 Nov 2021
Pranay,Kesari,,"Ameriprise Financial Services, LLC",Senior Operations Analyst,05 Nov 2021
Sunder,Polepaka,,"Ameriprise Financial Services, LLC",Director of Software Engineering,05 Nov 2021
Zahir,Abbas,,Vialto Partners,Senior Software Engineer,05 Nov 2021
Matteo,Fiore,,DevRize,Recruiting Consultant,04 Nov 2021
Arjun,Prasad,,Fidelity Investments,Director - Architecture,29 Oct 2021
Allen,Lam,,"Ameriprise Financial Services, Inc.",UI Developer,28 Oct 2021
Christina,Jeong,,Slalom,DevOps and Cloud Consultant,27 Oct 2021
,,,,,24 Oct 2021
Billy,Whited,,Best Buy,"Dir., UI and Design Engineering",23 Oct 2021
Bao,Le,,Accenture,Principal Engineer,23 Oct 2021
Andy,Fehrenbach,,Improving,Senior Consultant | Naviguard,23 Oct 2021
Margarita,Barbotiko,,VMLY&R,Analytics Tag Management Systems Developer,23 Oct 2021
Michael,Albers,,"Ameriprise Financial Services, Inc.",Senior Product Designer,23 Oct 2021
Corwin,Brust,,Empyrean,Senior Solutions Architect,23 Oct 2021
Aakash,Bandari,,"Ameriprise Financial Services, Inc.",Web User Interface Developer,23 Oct 2021
Doris,Jwo,,Writer,Director of Product Management,23 Oct 2021
Spencer,Walker,,Xcel Energy,Experience Design Manager,20 Oct 2021
May,Habib,,Writer,Co-founder and CEO,20 Oct 2021
Jonathan,Hart,,Best Buy,Head of Cloud Transformation and Delivery,02 Oct 2021
Jessie,Jacobson,,CircleCI,Senior Product Manager,04 Sep 2021
Elliott,Krohnke,,Techolution,Account Executive,19 Aug 2021
Blaine,Johnson,,Game Play Network,Software Engineering Manager,22 Jul 2021
Roberto,Nikolov,,Remotal.io,Recruitment Manager,09 Jul 2021
Grant,Udstrand,,Social Indoor,Lead Engineer,02 Jul 2021
Zach,Allia,,Ready Responders,Director Engineering & Product,01 Jul 2021
Stephen,Trimble,,Synergy Interactive,Recruiting Manager,01 Jul 2021
Peter,Schaber,,"Ameriprise Financial Services, LLC.",Frontend Engineer,28 Jun 2021
José Luis,Gutiérrez,,"Solera, Inc.",Recruitment Business Partner,23 Jun 2021
Victoria,Leyvas ,,Thomson Reuters,Associate Talent Sourcing Partner ,23 Jun 2021
Eric,R.,,Local Minnesota Division of large company,Senior Consultant,23 Jun 2021
Tom,Wojtowicz,tomasz.wojtowicz@harveynash.com,Harvey Nash USA,Senior Technical Recruiter,23 Jun 2021
Tyler,Shelton,,ActionFlow,Chief Technology Officer,23 Jun 2021
Mohsin,Rafi,,Peritus - A Colina Tech Group,Associate Vice President,23 Jun 2021
Kyle,Nussberger,,Robert Half,Assistant Vice President,23 Jun 2021
AJ ,Samrai,,autonomi,Founder,23 Jun 2021
Debra,Rhode,,Ramsey County,PCA - personal care giver,23 Jun 2021
Vickey,R,,HireKul,Recruiter,23 Jun 2021
Mini,Shukla,,Harvey Nash USA,Sr. Recruiter,23 Jun 2021
Alex,Bilton,,Oliver Parks,Principal Associate,23 Jun 2021
Val,Slamka,,Emergent365 Inc (Formerly Blackstone Professional Recruiting Inc),Senior Technical Recruiter,23 Jun 2021
John ,Appleton,,TopDevz,IT Staffing Consultant,23 Jun 2021
Dakota,Castleberg,,Flywheel.io,Lead Frontend Engineer,21 Jun 2021
Harry,Beckwith,,Hot Pixel Group,Founder. Consultant. Web Developer. Architect,16 Jun 2021
Jace,Kuechle,,Tagg ,Director Of Business Development,13 Jun 2021
Tori,Lust,,Super Go Faster,Senior Technical Recruiter,13 Jun 2021
Yaswanth,Desam,,"Ameriprise Financial Services, LLC",Technical Lead,13 Jun 2021
Tal,Klinger,,TheSocialProxy.com,Co-Founder & CEO ,13 Jun 2021
Peter,Nelson,,Direct Supply,Senior Software Engineer,13 Jun 2021
Milan,Virant,,Recruiters of Minnesota,Talent Acquisition Specialist,13 Jun 2021
Karthikeyan,Ramarathinam,,Emergere Technologies,Senior Manager,13 Jun 2021
Cailyn,Carter,,"IDR, Inc.",Technical Recruiter II,13 Jun 2021
Todd,Staber,,Distinctive Staffing Solutions,SR. IT Recruiter,13 Jun 2021
Rob,Mueller,,Tesoro Group ,Partner - Business Development + Talent Acquisition,13 Jun 2021
,,,,,13 Jun 2021
Kevin,S,,HARAMAIN SYSTEMS INC.,Senior Technical Recruiter,13 Jun 2021
Rajesh,Kanjan,,CGI,Software Development Engineer In Test III,13 Jun 2021
Justin,Hoeker,,Skills Alliance,Solutions Architect,13 Jun 2021
Javier,Noris,,ScienceVest,Founder / General Partner,13 Jun 2021
Adam,Mouktadi,,John Deere,Software engineering /API Project Manager Intern,04 May 2021
Noemi,Portillo,,Coding Temple,Software Engineer,03 May 2021
Patrick,Krekelberg,,KREKELTRONICS,Founder,24 Apr 2021
Darrin,Edelman,,Token of Trust,Chief Executive Officer,23 Apr 2021
Daniel,Jain,,Braintrust,Senior Software Engineer,16 Apr 2021
Siddhant,Sachdeva,,UnitedHealth Group,Associate Director - Quarterly Variable Compensation (Varicent),09 Mar 2021
Matthew,Martin,,LOOP,Senior Frontend Engineer,25 Feb 2021
Angela,Bryant MBA (Certified Agile Leader),,BI WORLDWIDE,"Managing Director, Technology Solutions",06 Feb 2021
Christine,Scolforo,,Holiday Inn Club Vacations,Senior IT & Technical Corporate Recruiter ,02 Feb 2021
Andrew,Richter,,Turnberry Solutions,Client Engagement Director ,28 Jan 2021
Amit,Arora,,TALENT Software Services,Delivery Manager,25 Jan 2021
Stephanie ,Ukkola,,Timberjay Newspaper,Staff Writer,24 Jan 2021
Jimmy,Guzman Moreno,,Target,Lead Software Engineer,05 Jan 2021
David J,Lukaska,,Best Buy,Product Manager,21 Dec 2020
Swati,Verma,,eTeam,"Recruitment Manager || MSP Service Delivery || Account Manager (Aerospace, Healthcare)",17 Dec 2020
Annette,Gustafson,,"Ameriprise Financial Services, Inc.",Senior Product Designer,18 Nov 2020
Omar,Mukthar,,Bosch,Assistant Manager,11 Nov 2020
Nakul,Beniwal,,Cubic Corporation,Recruiter,11 Nov 2020
Sanchit,Mohindra,,Jobonymous Enterprises,Founder & CEO,11 Nov 2020
Pinkesh,Kumar,,Horizontal Talent,Lead Technical Recruiter,26 Oct 2020
Ariel,Wolf,,Western Lake Superior Sanitary District,Buyer,22 Oct 2020
Faryal,Gohar,,NBCUniversal,Talent Acquisition - Tech & Operations ,12 Oct 2020
Franz,Vogl,,Arbeit Consulting,Contract Corporate/Independent Recruiter ,12 Oct 2020
Cynthia,Rouf,cynthiarouf@gmail.com,Tawkify,Customer Relationship Manager - Client Experience  - Account Manager - Matchmaker Consultant,12 Oct 2020
Benjamin,Holden,,Tesoro Group ,Recruiter,12 Oct 2020
Joshua,Pierce,,Signature Consultants,Director Of Recruiting,17 Sep 2020
DaNell,Tucker,,U.S. Bank,Senior Product Manager,08 Sep 2020
Lori,Penton,,BI WORLDWIDE,Account Director,06 Sep 2020
Bradley,Johnson,,Randstad Technologies US,Recruiting Director,26 Aug 2020
Daniel,Mims,,Meta,Technical Recruiting Sourcer,25 Aug 2020
James,Ball,,"York Solutions, LLC",Senior Account Executive,19 Aug 2020
Alex,Bremer,,Best Buy,Principal Recruiter - Digital & Technology,10 Aug 2020
Tripta,Shukla,,DevOpsUniversity,DevOps Specialist,08 Aug 2020
Matthew,Peligri,,OpenTable,Global Talent Acquisition Partner,07 Aug 2020
Tamra,"Heinsch, CPSR",,Paragon IT Professionals,Sr. Recruiting Specialist at Paragon IT Professionals ,07 Aug 2020
Evan,Eley,,"V-Soft Consulting Group, Inc.",Regional Delivery Manager,04 Aug 2020
Nick,Jones,,The Ash Group,Senior Technical Recruiter/Account Manager,03 Aug 2020
David J.,Sforza ,david.sforza@helpsystems.com,Fortra,Sr. Talent Acquisition Specialist,29 Jul 2020
Palash,Gupta,palash2704@gmail.com,Myles Roberts,Senior Technical Recruiter,29 Jul 2020
Janela Marie,Villaseñor,,TMC Software,Technical Recruiter,28 Jul 2020
Maria,Ferrini,,DraftKings Inc.,Talent Acquisition Partner,28 Jul 2020
Shawn,Moloczij,,"Moloczij, wherever I want to be",Mrs. Retired Traveler,22 Jul 2020
Brandon,Jackson,,Intelletec,"Principal Consultant, Software Engineering Recruitment",22 Jul 2020
Mohammed ,Ghouse,,Randstad Technologies US,Senior Technical Recruiter,22 Jul 2020
Paul,"Kom, AAMS®",,Edward Jones,Financial Advisor,22 Jul 2020
Sam,Dalquist,,Randstad Technologies US,Strategic Recruiting Director,16 Jul 2020
Ben,Nickleson,,Randstad Technologies US,Strategic Recruiting Director- SVG Financial Services,16 Jul 2020
Andy,Rakotz,,Horizontal Talent,Full Stack Engineer,16 Jul 2020
Arun,Kumar,,Russell Tobin,Lead Recruiter,15 Jul 2020
James,Nelson,,White House Custom Colour,Principal Engineering Manager,15 Jul 2020
Ravi,Challagundla,,Tata Consultancy Services,Consultant,11 Jul 2020
Mike,Hanson,,Randstad USA,Technical Recruiter,10 Jul 2020
Jeffrey,Fritschler,,Launching Point,President,06 Jul 2020
Christopher,Keller,,Dapper Labs,Senior Fullstack Engineer,30 Jun 2020
Kim,"English, MBA",,Best Buy,Several awesome roles in the Digital Organization to create a great customer experience,30 Jun 2020
Dean,McLaurin,,Best Buy,Lead Agile Coach,30 Jun 2020
Sai Praneeth,Mamillapalli,,Best Buy,Software Engineer,30 Jun 2020
Jesse,Wollin,,Best Buy,Software Engineer,30 Jun 2020
Gaurav,Singh,,Connvertex® Technologies,Recruiting Specialist/Account Management,30 Jun 2020
Alec,Arthur,,True Source,Lead Recruiter / Manager,30 Jun 2020
Josh,Reed,,Target,Director Of Engineering,30 Jun 2020
Erik,Coleman,,Data Core Technologies,Founder,30 Jun 2020
Joe,Soukup,,TEKsystems,Account Manager,30 Jun 2020
Ross,Arneberg,,Beacon Hill Technologies,Senior Recruiting Manager,30 Jun 2020
Grace,Fjellanger ✨,,Mesh,Lead Connector,26 Jun 2020
I,M,,,,23 Jun 2020
Mark,Gronning,,Lakes Recruiting LLC,Senior Contract Recruiter,17 Jun 2020
Mickey,Pearson,mickey@plentysearch.com,Plenty Search,Operations Manager,15 Jun 2020
🚀 Sana,Alam سناء عالم,,Crank Recruitment,Founder & CVO,10 Jun 2020
Mark,Wangler,,Greater Mpls / St. Paul Area,Lead Software Engineer,22 May 2020
Erica,Fabian-Perez,,"HireKo, Inc.",Founding Partner/Sr. Recruiter ,05 May 2020
Shubham,Kumar,,TALENT Software Services,Team Lead - Recruitment And Delivery,21 Apr 2020
Eric,Moore,,Osano,Engineering Manager,16 Apr 2020
Rachel,Chong,,Lendlease,Product Designer,13 Apr 2020
Ayite,D'almeida,,Best Buy,Associate Digital Engineer I,11 Apr 2020
Anna,D'Orazio,,Insight Global,Direct Placement Manager ,09 Apr 2020
Luke,Meyer,,Horizontal Talent,Account Manager,06 Apr 2020
Justin,Rabon,,Insight Global,Diversity Equity & Inclusion Recruiting Advisor,06 Apr 2020
Rui,Ribeiro,,Jscrambler,Co-Founder and CEO,06 Apr 2020
Tom,Rogers,,"Ameriprise Financial Services, LLC",Front-End Lead,31 Mar 2020
Kenny,Rogers,,,,27 Mar 2020
Christopher,Springer,,Best Buy,"Senior Engineering Manager, Augmented Reality",16 Feb 2020
J J,Plude,,Best Buy,Senior Development Manager,10 Feb 2020
Dianna,Nguyen,,"York Solutions, LLC",Senior Recruiter,10 Feb 2020
Leah,(Jacob) Hager,,AIM Consulting Group,Manager of Talent Strategy & Recruiting,06 Feb 2020
Trevor,Harrington,,Target,Software Engineer - Data Services,04 Feb 2020
Rahul,Shrestha,,BI WORLDWIDE,Software Engineer,31 Jan 2020
Nerita,Sung,,BI WORLDWIDE,Senior Customer Technology Manager,31 Jan 2020
Jessica,Nowicki,,MN Run Series,Event Coordinator,31 Jan 2020
Vasanthi,Dande,,"Williams-Sonoma, Inc.",Frontend Developer(vuejs),31 Jan 2020
Christian,Ward,,Independent Consultant (Self Employed),Web Application Developer,31 Jan 2020
Chidvilas,Vuppala,,Grubhub,Software Engineer ll,31 Jan 2020
Drew,Marquesen,,BI WORLDWIDE,Senior Strategist - Loyalty Marketing,31 Jan 2020
Billy,Lam,,GUARDIAN RFID®,Web Developer,31 Jan 2020
Dan,Quin,,Columbia Sportswear Company,Senior Talent Acquisition Specialist,30 Jan 2020
Nicholas,Tupy,,Adobe,Senior Software Engineer,29 Jan 2020
Martha,Hogan,,"ICS, A Korn Ferry company",Principal Recruiter,29 Jan 2020
Gail,Bernier,,Data Recognition Corporation,Corporate Recruiter- Information Technology ,29 Jan 2020
Jonah,Mandli,,CommentSold,Senior Software Engineer,29 Jan 2020
🚀 Benoit,Dessaucy,,Benoit Dessaucy (community manager freelance),Social Media Manager freelance,28 Jan 2020
Vince,Bullinger,,Allianz Technology,Full-Stack C#.Net/React Developer,22 Jan 2020
James (Jimmer),Neis,,Robert Half, Senior Recruiting Manager - Marketing & Creative - Permanent Placement,22 Jan 2020
Malcolm,Bellman,,BI WORLDWIDE,Software Engineer,22 Jan 2020
Jonathan,Lietzau,,BI WORLDWIDE,Application Architect,22 Jan 2020
Nicole,Owen,,BI WORLDWIDE,Area Director,22 Jan 2020
Sarah,Linden,,U.S. Bank,Portfolio Manager,21 Jan 2020
Matthew,Wangler,,Huntington National Bank,Financial Relationship Banker,21 Jan 2020
Mike,Tuller,,U.S. Bank,Assistant Vice President / Managing Principal Prototype Developer,21 Jan 2020
Connor,Skipton,,BI WORLDWIDE,Lead Software Engineer,21 Jan 2020
Katie,Trahan,,Lenovo,Talent Acquisition Partner,21 Jan 2020
Megin,Nguyen,,UCB,IT Early Solutions Smart Automation Lead,21 Jan 2020
Kurt,Lietzau,,BI WORLDWIDE,Software Engineering Manager,21 Jan 2020
Tony,Arndt,,BI WORLDWIDE,Senior Application Director,13 Jan 2020
Shivam,Gulyani,,Transcend Staffing Solutions LLC. a 100% Women Owned Minority Staffing Firm! ,Business Unit Head ,11 Jan 2020
Joseph,Heidari,,Cododev Technology,Business Owner,06 Jan 2020
Krish,Thapa,,Pathrise,Talent Manager,06 Jan 2020
Ben,Awad,,Voidpet,Co-Founder,24 Dec 2019
Connor,Born,,Allyant,Allyant (Formerly Accessible360),01 Nov 2019
,,,,,01 Nov 2019
Andrea,Huerta,,Vectra AI,Recruiter,14 Oct 2019
Sunshine,Thao,,Memorial Blood Centers,Manager - Component Laboratory,31 Jul 2019
Michael,Sheridan,Michael@pleasantconsulting.com,Pleasant Consulting,Lead Recruiter,09 Jul 2019
Braun,Galisewski,,Intertech,Sr. Recruiter / Talent Advisor,09 Jul 2019
Jessica,Lucken,,Amazon Web Services (AWS),Senior Client Lead Recruiter,09 Jul 2019
Makenzie,Heiny,,Randstad USA,Technical Recruiter,08 Jul 2019
Youngmin,Ko,,TDCX,Digital Marketing Consulting Specialist,19 Jun 2019
Richard,"Holweger, QCxP",,Stream Data Centers,Lead Critical Engineering Technician,10 Jun 2019
Kate,Smith,,Odyssey Resorts and Development,Banquet Manager,04 Jun 2019
Brian,Canty,,Stealth,Product,09 May 2019
Scott,Hart,,Self-Employed,Entrepreneur,09 May 2019
M. Tony,Gibbons,,Google, Google Cloud & Technical Infrastructure Finance Transformation Technical Lead,07 Feb 2019
David,Garcia Baño,,Wallbox Chargers,VP of Product,23 Jan 2019
Nhia,Moua,,ALLIANZ INVESTMENT MANAGEMENT LLC,(Contract) Software Engineer / Systems Analyst,13 Jan 2019
Sahil,Lavingia,,Flexile,Founder & CEO,11 Jan 2019
Arielle ,Wagner,,Lockridge Grindal Nauen P.L.L.P.,Associate Attorney,02 Jan 2019
hugo,melo,,Welcome Homes,Software Engineer,02 Jan 2019
Jake,Nanti,,HK Solutions Group,Municipal Sales Manager,20 Dec 2018
Charlie,Beer,,"DIVERSANT, LLC",Direct Hire Sales Manager,13 Nov 2018
Curtis,Jones-McClain,,TEKsystems,Software Engineer at Cisco,13 Nov 2018
Anna,Morgan,,Robert Half,Lead Technical Recruiter,17 Oct 2018
Jordan,Metsa,,Minnesota Discovery Center,Development & Marketing Director,15 Oct 2018
Amy,Tupy,,Robert Half,Branch Director at Robert Half | MN Marketing and Creative,11 Oct 2018
Dave,Kellner,,Independent,DJ,11 Oct 2018
Venkat,Peta,,Ness Digital Engineering,Senior Executive Talent Acquisition,04 Oct 2018
Bart,Jellema,,XS2.exchange,CEO,04 Oct 2018
Dustin,Naugle,,Robert Half,Market Director - Technology and Marketing + Creative,04 Oct 2018
Patrick,"Mitambo, MBA, MPA",,Target,Lead Consultant | Talent Development & Change | Technology,02 Oct 2018
Stephen,Manders,,"Powerhouse Animation Studios, Inc.",Director Of Information Technology,01 Oct 2018
Morgan,Meyer,,Corteva Agriscience,Senior Technical Recruiter,01 Oct 2018
Hannah,Awsumb,,Dahl Consulting,Senior Recruiter,01 Oct 2018
Bryan,David,,Visible Supply Chain Management,Business Development Specialist,01 Oct 2018
Viktoriia,Tanai,,iMonetizeIt,Advertiser Manager,01 Oct 2018
Tim,Peters,,Tatum by Randstad,Executive Recruiter,25 Sep 2018
Amanda,Skorich,,Fundraising Solutions by A&M,Partner,25 Sep 2018
Christina,Hillan,,Pioneer Management Consulting,Director of Talent Acquisition ,20 Aug 2018
Ken,Wheeler,,MTW Recruit,"Principal, Recruiting and Account Management",16 Aug 2018
Kurt,Witschorik,,MTW Recruit,"Principal, Recruiting and Account Management",13 Aug 2018
Anup,Iyer,,Target,Senior Software Engineer,10 Aug 2018
Paul,Claxton,,"RECIPROCITY ROI, LLC",Founder,08 Aug 2018
Krista,Grundmeier,,Nike,Senior Recruiter - Global Technology,31 Jul 2018
Khubtrin,Ahmed,,RVU India,Recruitment Manager,27 Jul 2018
Joe,Perrone,,LA Fitness,District Vice President,08 Jul 2018
Navish,Jain,,"Cirtru - Get Houses, Rooms, Tenants & Roommates",Founder & CEO,14 Jun 2018
Landon,Wilkins,,Google,Sr. Software Engineer,12 Jun 2018
Maggie,McDonald,,Antenna,Senior Account Manager,05 Jun 2018
Benji,Neff,,Giants Ridge,Director of Mountain Sports,04 Jun 2018
Adam,Mai,,UnitedHealth Group,Business Liaison,31 May 2018
Ruslan,Zavacky,,CrowdStrike,Principal Engineer,31 May 2018
H.G.,Hooks,hgtrue.hooks@gmail.com,H.G. TRUE,Entrepreneur,31 May 2018
Praveen,Sharma,,MongoDB,"Team Lead, Tech Sourcing",31 May 2018
Daniel,Rhode,,North Central International,Diesel Technician,31 May 2018
Natalie,Lenzen,,Upper Mississippi River Basin Association,Operations Manager,31 May 2018
Blaine,"Hanson, MSW, LICSW",,UnitedHealth Group,"SNBC Care Coordinator, Optum",31 May 2018
Benjamin,Maxwell,,University of Minnesota,Audio/Video Coordintor,31 May 2018
SolangeA,MBA,,Zayne & Sis' Maid Cleaning Services,CEO Zayne & Sis' Maid Cleaning Services,31 May 2018
Paul,Richter,,Smarking Inc.,Marketing and Demand Generation Manager,31 May 2018
Lane,Everhart,,Cellular Sales,Account Manager,30 May 2018
Emily,Krulc,,LUMBERJACK RESOURCE CONSERVATION AND DEVELOPMENT INC,Inventory Forester,03 May 2018
Hassan,Angadjivand,,3M,Division Scientist for Personal Safety Division,19 Apr 2018
Stan,Kozov,,Heraeus Medical Components,Automation Engineer III,31 Mar 2018
Alex,Paluzzi,,Alliance Laundry Systems LLC,Software Engineering Manager,23 Mar 2018
Ari,Krupnik,,Iterative Features,Founder,13 Mar 2018
Aska,"Yoshizu, MA SEP LMFT",,Center for Mindful Psychotherapy,Licensed Marriage And Family Therapist,25 Feb 2018
James,Nguyen,,Galt Consulting Group,Shopify Developer Consultant,15 Feb 2018
Taylor,McCormick,,Asurion,Professional Technical Recruiter,06 Feb 2018
Dharan,G,,Excelencia Consulting,Senior Executive Human Resources,06 Feb 2018
Saleh,Jaffrani,,SAK Group Of Companies,Sales Director,28 Jan 2018
Philip,Grey,,Good Gravy,Owner,26 Jan 2018
Asher,Mintzer,,"York Solutions, LLC",Lead Delivery Manager,10 Jan 2018
Karissa,Rosati,,maurices,AP Staff Accountant,12 Dec 2017
Nitin,Bhandari,,Planera (Stealth Mode),Co-founder and CEO,21 Nov 2017
Abhijeet,Jha,,Oracle,Principal Advanced Support Enginner,16 Nov 2017
Naveen,Puvvula,,Life360,Senior Engineering Manager,15 Nov 2017
Jordan,Tway,,Robert Half,Vice President | Senior Principal | Robert Half Executive Search,15 Nov 2017
John,Thomas,,Spikehigh,Senior Vice President Business Operations,15 Nov 2017
Oleg,"K, MBA",,Toptal,Software Engineering Consultant,15 Nov 2017
Benjamin,Piersig,,ALDI USA,Assistant Manager,15 Nov 2017
Abhisaar,Anant,,Select Source International,Senior Technical Recruiter,15 Nov 2017
Laura,"Wang, PHR",laurawang.lyw@gmail.com,EngageSmart,HRIS Analyst,15 Nov 2017
Bradley,Gauthier,,Sitecast,Founder & CEO,15 Nov 2017
Shirali,Amin,,Yahoo,Senior QA Automation Engineer,02 Nov 2017
Trevor,Radcliffe,,Google,Software Engineer,01 Nov 2017
Albert,Sutojo,,Joinedapp,Software Engineer - Automation,01 Nov 2017
Laura,Schott,,Google,Admin,31 Oct 2017
Andrew,P.,,Centrify Corporation,Senior Software Development Engineer in Test,30 Oct 2017
Brian,Kazmierkoski,,Allianz,Principal Recruiter,27 Oct 2017
Ken,Hall,,Novartis Institutes for BioMedical Research (NIBR),Sr. Principle Linux Engineer,26 Oct 2017
Alexander,Veshev,,Skyfire Labs,QE Engineer,25 Oct 2017
Samantha,Co,,Crunchyroll,Senior Product Designer,25 Oct 2017
Erik,Swenson,,Planera (Stealth Mode),Co-founder and CTO,22 Oct 2017
Anu Krishna,Rajamohan,,Amazon Search,Software Development Engineer,22 Oct 2017
Jaime,Heilpern,,"Aspera, an IBM company",Sr. Software Engineer,22 Oct 2017
James,Marzano,,Samsung Electronics,"Director, UX & Design Strategy",22 Oct 2017
Jon,Granrose,,Matterport,Principal Product Manager,20 Oct 2017
Kyle,Piri,,Harold Ford Inc. Ben Davis/Harold Auto Group,Service Manager,16 Oct 2017
Mikkel,H. Lauritzen,,YouLend,Product Manager,16 Oct 2017
Cody,Leal,,Backblaze,Lead Data Center Technician,16 Oct 2017
,,,,,16 Oct 2017
Shaun,Fitzgerald,,Robert Half Technology,Sr. Technical Recruiter,16 Oct 2017
Jose',De Dios,,Startup Chile,Mentor and Advisor,09 Oct 2017
Benjamin,Sjostrom,,Personal Software Engineering Projects,Full Stack Software Engineer,28 Sep 2017
Hunter,Rancourt,,Capitol Information Group,Head of Software Engineering and Design,27 Sep 2017
Scott,Sheehy,,Consultant ,Talent Acquisition ,21 Sep 2017
Tyler,Norha,,United States Steel Corporation,Production Truck Driver,21 Sep 2017
Kenneth,Mosby,,"Social Media Trainer & Facebook Marketing Speaker, Social Media Marketing Consultant in California","Social Media Trainer & Facebook Marketing Speaker, Social Media Marketing Consultant",21 Sep 2017
Katyann,Quinn,,TTEC Digital,Senior Recruiter,21 Sep 2017
Navjot,Singh,,Booz Allen Hamilton,AEM Developer,21 Sep 2017
Aleksandr,Vasiliev,,Digital Agency Hudson Fusion Media,Executive Vice President,21 Sep 2017
Alexander,Lawrence,,Talentkast,President,21 Sep 2017
Nikhil,Rajkumar,,Aditi Consulting,Lead Recruiter,21 Sep 2017
William,Richardson,,Prime Team Partners,Technical Recruiter,21 Sep 2017
Andy,Ansryan,,,,21 Sep 2017
Matt,Robenolt,,PlanetScale,Computer Specialist,21 Sep 2017
🤍Adi,"Soozin, MBA",,Molo9™,President,21 Sep 2017
Gaurav,Kumar,gauravapiit16@gmail.com,"Tanisha Systems, Inc",Delivery Manager,21 Sep 2017
Camille,Pireyre,,FORVIA,Technical Project Leader,21 Sep 2017
Puvana,Reddy,,Amazon Web Services (AWS),Sr. Technical Recruiter,21 Sep 2017
Sunil,Kamboj,,Iris Software Inc.,Senior Hiring Specialist,21 Sep 2017
Mike Singer -,"Owner, Recruiter, Author ""Decoding The Job Search""",,G5 Solutions,President/Recruiting Manager,21 Sep 2017
Trevor,Winger,,Sleep Number LABS,Data Scientist,21 Sep 2017
John,Fries,,System1,Co-Founder,21 Sep 2017
Michele,Andes,,Marriott International,Sr. Recruiter /Marriott,21 Sep 2017
Rachel,Hinkemeyer,,Amazon,Client Lead Recruiter ,21 Sep 2017
Jyoti,Ashade ,,Gazelle Global,Recruitment Consultant  - IT,21 Sep 2017
Chris,Garber,,"DailyPay, Inc.",Sr. R&D Technical Recruiter ,21 Sep 2017
Meghan,Tharaldson,,"ICS, A Korn Ferry company",Business Development Director ,21 Jun 2017
Jaim,Zuber,,Green Dot Corporation,"Director, Software Development",16 Jun 2017
Nik,Pash,,Nugbase,"Founder, Solidity Engineer, Operations, DeFi, Web3",15 Jun 2017
Patrick,Siren,,Siren Digital,Professional Photographer,09 Jun 2017
Sally,Lander,,Robert Half,Branch Director/ Sr. Technology Recruiter,21 May 2017
Zachary,Whitney,,"Dunham Associates, Inc.",Electrical Designer,16 May 2017
Jackie,Yip,,GoEngineer,Technical Support Engineer,12 May 2017
Mitchl,Buck,,Polaris Inc.,"Senior Manufacturing Engineer SME, Powertrain Assembly",11 May 2017
Charlie,Walker,,Lawrence Harvey,"Divisional Manager - Computer Vision, Robotics & Autonomy",11 May 2017
Nirav,Mehta,,Barter Software,Team Leader,11 May 2017
Zach,Kelling,,LUX,CEO,11 May 2017
Kristie,Schmitz,,Pentair,Talent Acquisition Specialist,11 May 2017
Sandeep,Mehta,,Zoom,Global Talent Acquisition Partner (via LevelUp HCS),11 May 2017
Megan,Mullee,,Robert Half Technology,Practice Director - Permanent Placement,11 May 2017
Aska,Yoshizu,,Various Yoga Studios and Corporate Locations,Yoga & Meditation Instructor,11 May 2017
Omar,Jamal,,Cognizant,Java Support Engineer ,11 May 2017
Nick,Rogers,,Coldwell Banker,Real Estate Agent,11 May 2017
Mason,Martel,,Talking Rain Beverage Company®,Sales Representative,11 May 2017
Kelly,Jones,,David Drown Associates Inc,Technical Analyst,03 Mar 2017
Robert,Jack,,TrueCoach,Co-Founder,03 Mar 2017
Clare,Sexton-Stern,,AIM Consulting Group,Regional Director of Recruiting - Central ,03 Mar 2017
Tiffany,Toscano,,Lennys Auto Services Inc,Advisor Services,03 Mar 2017
Alison Bloom,~ Software Engineer,,True Fit Corporation,Senior Software Engineer,03 Mar 2017
Audrey,Floistad,,Cov Edina,Server Trainer,03 Mar 2017
Jake,"Toratti, MS, LADC",,Apollo Senior High School,Drug And Alcohol Counselor,03 Mar 2017
Evan,Sukita,,Territorial Savings Bank,Senior BSA/AML Compliance Associate,03 Mar 2017
Lynn,Skauge,lynn.skauge@rht.com,Robert Half Talent Solutions,"Senior Recruiter, Technology",03 Mar 2017
Karan,Sagar,,TAJ Technologies Inc.,Delivery Manager,03 Mar 2017
JZ,Young,,Andreessen Horowitz,"Talent Partner, Bio + Health",03 Mar 2017
Jacob,"Rafati, Ph.D.",,Workout Vision INC,CEO and Founder,03 Mar 2017
Alec,Garcia,,Google,Software Engineer,25 Jan 2017
Joseph,Angelhow,,Quantum Metric,Enterprise Account Manager,25 Jan 2017
Christopher,Hughes,,ETHTrust,Chief Engineering Officer,05 Jan 2017
Andrew,Lam,,Bill.com,Staff Software Engineer,29 Nov 2016
Oliver,Azevedo Barnes,,liquidvoting.io,Owner,24 Aug 2016
Anthony,Graham,,Bamboo Revolution,Craftsman/Operations/Design Consultant,13 Jul 2016
Douglas,Hunter,,Amy's Drive Thru,Manager of Restaurant Support Services,13 Jul 2016
Noella,Robles,,Google,Program Manager,13 Jul 2016
Priyaa,K,,Waymo,Product Management,13 Jul 2016
Tara,Tietjen,,Consulting,Talent Acquisition Consultant,13 Jul 2016
Jessica,Emmons,,World Financial Group (WFG),Life Health Insurance Agent,13 Jul 2016
Mallory,Fugere,,Evernorth,Triage Case Management Analyst,11 Jun 2016
Todd,Harris,,microPublication.org,Technology and Operations Manager,27 Apr 2016
Ashish,Gupta,,Meta,Software Engineer,26 Apr 2016
Jason,Nehf,,Youtech & Associates,Full Stack Developer,19 Apr 2016
Lionel,Boyd Johnson,,Lyft,Driver,13 Apr 2016
Joe,Robinson,,Las Lomitas Elementary School District,Substitute Teacher,31 Mar 2016
Jane,Eisenberg,,Pali Consulting,Staff Geologist,11 Mar 2016
Chris,Julin,,Marketplace by APM,Producer/Sound Designer,10 Mar 2016
James,Fitzpatrick,,Windranger Labs,Talent Partner,08 Mar 2016
Hanna,Onjea,,Telecommunications Management Solutions (TMS),Buyer,07 Mar 2016
Anna,Supnet,,Beaconforce,Co-Founder and Director of Product,06 Mar 2016
Rohit,Kalaskar,,Stealth Robotics Startup,Robotics Software Engineer,06 Mar 2016
Sunny,Mee,,TravelBank,Head of Recruiting,05 Feb 2016
Morgan,Sebree,,Personio,Product Operations Manager,03 Feb 2016
Adele,Lopez,,Seed Platform Inc,Technical Lead,26 Jan 2016
John,Metzger,,SEMPRE (Secure EMP-Resistant Edge),"CTO of Software Engineering, Sempre.ai",26 Jan 2016
Rosie,Levinson,,Los Altos School District,IA Special Education,25 Jan 2016
Joseph,Leon,,JL'S Handyman,Owner,24 Jan 2016
Andrew,Vessel,,PCM TRIALS - Quality Mobile Research,Recruiting Manager - Clinical Research,07 Jan 2016
Derek,Peterlin,,Itasca County Sheriff's Office,Deputy Sheriff,23 Dec 2015
,,,,,21 Dec 2015
,,,,,21 Dec 2015
Andrew,Born,,Genoa Healthcare,Account Manager,21 Dec 2015
Manda,Lillie,,Hennepin County Attorney’s Office,"Paralegal, Adult Prosecution Division",17 Dec 2015
Katja,Collier,,Etsy,Senior Software Engineer,12 Dec 2015
Kristen,"Corcoran, M.A., SPHR,  CPC, ELI-MP",,Callisto Media,"Director of People Operations, Programs & Benefits",03 Dec 2015
Courtney,Ruzic,,Student Experience,Personal Care Assistant,02 Dec 2015
Charlie,Lundblad,,North Memorial Health,Aircare Pilot,01 Dec 2015
Emmanuel,Bagumira,,Hawes Group,Compliance Specialist,29 Nov 2015
Conor,Meng,,Twilio,"Manager, Solutions Engineering",27 Nov 2015
Zara,Gomes,,NerdWallet,"Engineering Manager, Quality",20 Nov 2015
Konstantin,Kosov,,Fruit Rollup,Founder,20 Nov 2015
Brianna,Lofquist,,Clean Life Family,Owner and Practitioner,10 Nov 2015
Diana,Oros,,Adobe,Quality Engineering Manager,23 Oct 2015
Liam,Don,,ClassDojo,Co-founder & President,20 Oct 2015
David,Sikorski,,Discogs,Music Marketing & Partnerships Specialist,05 Oct 2015
Jayden,Rolstone-Kobal,,Charles Schwab,Adviser Services,04 Oct 2015
Courtney,Wickham,,Papa Murphys Take n Bake,Crew Member,30 Sep 2015
David,Palmiter,,"North City Law, PC",Software Developer Engineer,24 Sep 2015
Zach,Johnston,,Twingate,VP Design,22 Sep 2015
,,,,,18 Sep 2015
Jorge,Meza ,,Alum Rock Counseling Center (ARCC),Program Manager,18 Sep 2015
Ruby,B,,Engineering Recruitment Consultancy,Principal Recruitment Consultant,17 Sep 2015
Hung,Lee,,Recruiting Brainfood,Curator,17 Sep 2015
Samantha,Sammet,,Amazon,Customer Service Representative,14 Sep 2015
Douglas,Rhode,,Harvey Vogel Manufacturing Co,Quality Inspector,30 Aug 2015
George,Trice,,Cache,Showroom Manager,27 Aug 2015
Hayley,Charnaw,,All the Above,Chief Mama and Community Volunteer,27 Aug 2015
Aimee,Imberg,,Blue Cross and Blue Shield of Minnesota,Provider Service Representative ,19 Aug 2015
Brandyn,Hardt,,Principal Financial Group,Software Engineer,18 Aug 2015
Vijay,Anand,,Infrascale,"Manager, Systems and Finance Ops ",13 Aug 2015
Diane,Dietrich,,"Dietrich & Associates, Inc. ",Senior Recruiter Consultant  ,03 Aug 2015
Gabi,Schindler,,Cota Capital,Chief Marketing Officer,02 Aug 2015
Sheryl B.,Marymount ,,Trustero,Head of People,29 Jul 2015
Dylan,Garrett,,Amber Lantern LLC,Director of Communications,28 Jul 2015
Shea,Galaski,,Virginia Fire Department,Paramedic,26 Jul 2015
Luke,Chopp,,Wells Fargo,Business Relationship Manager,25 Jul 2015
,,,,,21 Jul 2015
,,,,,17 Jul 2015
Mike,Curry,,Walmart Global Tech,Talent Acquisition Partner,16 Jul 2015
Shelley,Huot,,Newbridge Clinic,Patient Care Coordinator/Office Coordinator,30 Jun 2015
Meghan,Deloria,,maurices,Distribution Analyst,26 Jun 2015
Sheronika,Shandil,,Find Recruitment,Senior Consultant - IT/Digital,26 Jun 2015
Sachin,Maharjan,,Little Passports ** Acquired by BEGiN**,"Director, Engineering",23 Jun 2015
Brian,Walton,,"Prairie Oak Partners, LLC",President,19 Jun 2015
Tamara,Leonard,tamara.leonard@gmail.com,"Kevala, Inc.",Talent Acquisition Lead & People Business Partner,18 Jun 2015
Nate,Smith,,Lever,Advisor,16 Jun 2015
Cosmo,Wolfe,,Metronome,Founding Engineer,11 Jun 2015
CJ,Patoilo,,Pipefy,Senior Staff Frontend Engineer,11 Jun 2015
Nathan,Pointer,,K Health,Technical Lead,11 Jun 2015
Cherish,Kachmarzinski,,Scenic Rivers Health Services,LPN,10 Jun 2015
Ryan,Burmis,,O,Business Owner Rye's Delivery,10 Jun 2015
Alex,Jokela,,NextEra Analytics,Manager - New Product Engineering,08 Jun 2015
Amy,Brattain Maccarone,amy@asher.com,Rod Asher & Associates,Senior Technical Recruiter,08 Jun 2015
Shinay,Rasmusson,,Minnesota Department of Human Services,Human Services Representative ,07 Jun 2015
Tom,Forbes,,Amazon,Senior Client Lead/Senior Technical Recruiter,05 Jun 2015
Travis,Eddy,,Signature Products Group,Product Manager,04 Jun 2015
Jessa,Youso,,Ernst & Young Global Consulting Services,Organizational Effectiveness Specialist,04 Jun 2015
Nickolas,Johnson,,Barr Engineering Co.,Electrical Engineer,04 Jun 2015
Heidi,Brandenburg Pierson,,Jim Brandenburg,Executive Director,03 Jun 2015
Tracy,"Schuck, PHR",,Horizontal Digital,Human Resources Director,01 Jun 2015
Betsy,Clark,,,Real Estate Broker,01 Jun 2015
Lloyd,Benson,,Joyent,Node.js Product Engineer,01 Jun 2015
Blake,Niemyjski,,SlideRoom Technologies ,Principal Software Engineer,01 Jun 2015
Joe,Yoon Lee,,AllTrails,Technical Recruiter,31 May 2015
Kyle,Schmidt,,Lane Community College,Web Developer,31 May 2015
Tanmay,Kar,,ProfitPay,Chief Executive Officer,31 May 2015
Theresa,Cadeau,,Duluth News Tribune,News Reporter,30 May 2015
Dru,Wynings,,Sensible,Head of Marketing,30 May 2015
Velma,Ostman,,Minnesota Museum of Mining/Range Center,Museum Assistant/Resident Program Instructor,30 May 2015
Scott,Ault,,Avera Health,Workforce planning consultant,30 May 2015
Harry,Schwartz,,,,29 May 2015
Alex,Abbott,,Cadre,Recruiting Manager,29 May 2015
Zachary,Mayry,,Target,Senior Software Engineer,29 May 2015
Kate,Bradley,,Just Plain Design,Founding Designer,29 May 2015
Ben,Acker,,Joyent,Senior Software Engineer,29 May 2015
Ed,Lau,,Netflix,Senior Software Engineer,29 May 2015
Scott,Norr,,University of Minnesota - Duluth,Adjunct Instructor - Electrical Engineering,29 May 2015
Rami,Bitar,,SkillHire,CEO/Founder,29 May 2015
Ingram,Ron,,Open Systems International,VP,29 May 2015
Derek,Neuland,,Puzzle Labs Inc.,Co-founder & Head of Customer Success,29 May 2015
Alex,Rudenko,,Google,Software Engineer,29 May 2015
Simal,S. Oberoi,,CareerWellness,Founder,29 May 2015
Gaurav,Munjal,,Google,Leadership Recruiter,29 May 2015
 Bridget,Strudwick,,Stillmeadow Ministries,Minister /owner,29 May 2015
Richard (Rohit),Bussireddy,,SchoolHiring,Special Education Staffing professional,29 May 2015
Ben,Curry,,Stolen Fortunes Studios,Head Creative Guy,29 May 2015
Taras,Mankovski,,"Frontside Software, Inc",Chief Executive Officer,29 May 2015
Galen,Mittermann,,NetSuite,"Technical Program Manager, Machine Learning",29 May 2015
Kay,Knuteson,,Tony Robbins,Product Sales Rep.,29 May 2015
Bill,Chimphalee,,,,21 May 2015
Julien,Chaintron,,Apple,Graphics / Automation Software Engineer,19 May 2015
Karly,Eliason,,University of Minnesota Physicians,Referral Specialist,14 May 2015
Leo,Postovoit,,XWP,Head Of Partnerships and Product Strategy,07 Apr 2015
,,,,,01 Apr 2015
Vincent J.,Miller,,HSF Consulting,Consultant,31 Mar 2015
Andrew,Bantly,,Reliable Robotics Corporation,Producer,18 Mar 2015
Mel,Sezto,,Kiuu,Indie Talent Partner| Connector| ,17 Feb 2015
Matt,Bothwell,,Laporte Public Schools,Strength Coach,16 Feb 2015
Kristian,Mandrup,,Berlingske Media,Technical Lead,01 Feb 2015
Nicholas,Rado,,BlackLine,Technical Talent Acquisition Partner,27 Jan 2015
Jonathan,Neufeld,,Amazon,Software Developer Engineer,23 Jan 2015
Peter,Noll,,Open Systems International,Senior Engineering Manager,07 Jan 2015
Shane,Pearlman,,Modern Tribe Inc.,President,06 Jan 2015
Johnathan,Curry,,,,17 Dec 2014
Jennifer,Hsieh,,CareZone.com,Head of Finance (sitting CFO),15 Dec 2014
Dan,Tennery-Spalding,,Interlock,Product Manager,15 Dec 2014
Jerri,Gillean,,The BOM Group,President,08 Dec 2014
Craig,Skalko,,Spectrum Reach,Local Sales Manager,08 Dec 2014
Blake,David,,Udemy,Strategic Content Acquisition Manager,05 Dec 2014
Jeffrey,Ramos,,L.A. Care Health Plan,Digital Specialist,05 Dec 2014
Daniel,Keith,,"Quantum Clay, LLC","Full-stack software engineer, Web Developer and Computer Scientist ready for employment/consulting.",03 Dec 2014
Sujata,Mozumdar,,SSENSE,Sr. Talent Acquisition Partner,02 Dec 2014
Jacob,Matta,,Jake's Digital,Digital Marketing Consultant,01 Dec 2014
Eric,Dunn,,Augment,"CTO, Co-Founder",27 Nov 2014
Perisha Peko,Raznatovic,,Institut Barcelona d’Estudis Internacionals,Affiliated Faculty,26 Nov 2014
Lateesha,Thomas,,Onramp,CEO / Co-Founder,26 Nov 2014
Adam,Wendt,,Trifoia,Chief Executive Officer,25 Nov 2014
Anders,Stadum,,Synopsys Inc,Managing Consultant,25 Nov 2014
Mike,Moshier,,Fidelity Investments,Financial Consultant,25 Nov 2014
Julie,Barnett,,Julie Barnett Creative,Artist/.Writer,25 Nov 2014
Jake,Clifton,,Clifton Engineering LLC,Co-Founder,25 Nov 2014
Jeremy,Klein,,AppNexus,Software Engineer,25 Nov 2014
Jason,May,,Propel(x),VP Engineering & CTO,25 Nov 2014
Sandeep,Srivastava,,Scanagora,Web Developer,24 Nov 2014
Rebecca,Decker,,Adobe,"Social Strategist, Adobe Express",24 Nov 2014
Stephanie,Heinrich,,Human Interest,Senior Talent Acquisition Specialist,24 Nov 2014
Nathan,Socha,,Aegis Sciences Corporation,Regional Sales Manager,24 Nov 2014
Michelle,Nguyen,,Benefit Cosmetics,Contracts Manager,22 Nov 2014
Doug,Yook,,InSilico LLC,CEO,22 Nov 2014
Max,"Orenstein, CLVS",,"Observe, LLC",Mulitmedia Producer | Editor | Videographer ,22 Nov 2014
Anthony,Soohoo,,Walmart,"Executive Vice President, Home Division, Walmart U.S.",21 Nov 2014
Peter,Krumins,,Browserling,CEO,21 Nov 2014
Richard,Henson,,Travel + Leisure Co.,Senior Sales Representative / Specialist Presenter,21 Nov 2014
Calder,Zwerling,,OpenSea,Head of Recruiting,21 Nov 2014
Rennie,Nastor,,Five9,Senior Talent Acquisition Partner,21 Nov 2014
Kris,Schaefer,,Motor Vehicle Software Corporation (MVSC),Product Owner,21 Nov 2014
Tony,Ashworth,,Stitch Fix,Engineering Manager,21 Nov 2014
Marc,Jackson,,Self-employed,Recruitment Specialist,21 Nov 2014
Victoria,Turner,,Apex Systems,Senior Professional Recruiter & Delivery Lead,21 Nov 2014
Emmet,Rooney,,Netflix,Technical Recruiter,21 Nov 2014
Michelle,Lee,,Databricks,Engagement Manager - PS&T,21 Nov 2014
Robert,Travis,,"Greenhouse Software, Inc.",Sales Development Representative,21 Nov 2014
Joe,Janiszewski,,Slalom Consulting,Principal,21 Nov 2014
Jeremy,Fox,,WW (formerly Weight Watchers),Senior Software Engineer,21 Nov 2014
Aaron,DuChateau,,Self-employed,Software Guy,21 Nov 2014
Nadav,Moskovitz,,HopOn - Seamless Mobility,VP Products,21 Nov 2014
Kate,Detmer,,Oliviera Partners,Owner,21 Nov 2014
Christian,Bugia,,Match Relevant,Head of People,21 Nov 2014
Ian,Swain,,Self-Employed,Entrepreneur,21 Nov 2014
James,Rogers,,Franz Family Bakery,Merchandiser,21 Nov 2014
Ted,Brown,,Snap Inc.,AR Game Engineer,18 Nov 2014
Cody,LaRocque,,Plastiq,Senior Software Engineer,17 Nov 2014
Ayori ‘Selfpreneur’,Selassie,,YOU.com,Investor,17 Nov 2014
Joe,Maruschak,,Aventurine Capital Group,Managing Director,17 Nov 2014
Sam,Miyakawa,,Strike,Frontend Engineer,17 Nov 2014
Melissa,Cardiff,,Blue Dog Recruiting,Founder & Principal Recruiter,14 Nov 2014
Jessica,Bizzell,,Meta,Senior Technical Recruiting,16 Oct 2014
Johannah,Wyrick,,Bismarck State College,Nursing Student,12 Oct 2014
Ravi,Prakash Munagala,,Capgemini ,Consultant,12 Oct 2014
Andrew,"Tupper, PMP",,ADP,Business Transformation,07 Oct 2014
Emma ,Thompson,,Podium Ltd,Account Manager,07 Oct 2014
Sushil,Ray,,"TalentBurst, an Inc 5000 company",Talent Acquisition Leader,30 Sep 2014
Dennis,Alvarado,,Managed Solution,Strategic Account Executive,17 Sep 2014
David C.,Youngentob,,NAGRA,"Manager, Corporate Business Development / Innovation M&A",10 Sep 2014
Joe,Serrano,,Macy's,"Principal, Marketplace Strategy & New Business Development",10 Sep 2014
Camille,Vergara,,Square,"Lead Product Manager, International Payments",09 Sep 2014
,,,,,09 Sep 2014
Alexandre,PUGEAT,,Eutelsat,Subcontract Software Engineer,09 Sep 2014
Jake ,Svare,,Genesis10,Technical Recruiting Lead,08 Sep 2014
Catherine,Hafdahl,,MSA Pro,Geographic Information System Specialist,08 Sep 2014
Aaron,Williams,,Bakkt,"Product Owner, Payments",08 Sep 2014
Katie,Rawlings,,Cara Veterinary ,Head of Medicine,08 Sep 2014
Alexander,Dalgarno Ward,,National tire and battery,Gen. technician,08 Sep 2014
Marc,Gurtman,mgurtman@juniper.net,Juniper Networks,Senior Recruiter - Talent Acquistion,08 Sep 2014
Jonathan,Singer (he/him),,Afresh,Head of Talent ,06 Sep 2014
Michael,Mathews,,Ab11y.com,Technical Development,06 Sep 2014
Michael,Quoc,,Demand.io,Founder and CEO,05 Sep 2014
Mike,"Biglan, M.S.",,"Twenty Ideas, Inc",Founder/CEO,20 Aug 2014
Barry,Frey,,Mn Dept. Natural Resources,Research Scientist 2,19 Aug 2014
kelvin,Ikokoh,,Virtual Life Success Resources,Internet Marketer and Advertising,07 Aug 2014
Dana,Thell McNeeley,,"Comfort Medical, LLC",Patient Consultancy Manager,30 Jul 2014
Krystina,Eliason,,The Good Acre,Student and volunteer.,22 Jul 2014
Hong,Quan,,Hire Haus / Quantum,Principal Recruiter,27 Jun 2014
Silas,Godfrey,,Meta,Senior Product Designer,26 Jun 2014
Chris,Hawkins,,HotMic ,Chief Technology Officer,20 Jun 2014
Dan,Bidle,,"Sunflower Bank, N.A.",Director of Administration - Asset Based Lending ,20 Jun 2014
Kyle,Johnstone,kyle@arizonabay.com,Arizona Bay,Director Of Business Development,13 Jun 2014
Agua,in transition,,South Talent,Co-Founder,12 Jun 2014
Talance,Orme,,Oakland Museum of California,Senior Director of People,12 Jun 2014
Nick,Ibanez,,Spotify,Senior Campaign Manager,22 May 2014
Griffin,Weston,,Stripe,Technical Recruiter,22 May 2014
Chris,Ismil,,IRRRB,Community Development Representative,20 May 2014
Matt,Jayne,mattjaynedesign@gmail.com,Olsam.,Sr. Design Manager,13 May 2014
Ryan,Stubblefield,,Private Practice,Psychotherapist In Private Practice,13 May 2014
Christian,Free,,NerdHire,Chief Strategy Officer / COO,08 May 2014
Micah,Wolfe,,Micah Wolfe,Design Consultant,06 May 2014
Janelle,Greschner,,Iron Range Resources and Rehabilitation Board (IRRRB),Director of Business Recruitment,05 May 2014
Patrick,Daly,,Offaly Traveller Movement,Finance Manager,01 May 2014
Janaki,Thakkar,,Square,Sr Recruiter - Product Management - Seller Group,30 Apr 2014
Robert,Karson,,,,24 Apr 2014
Ronit,Roy,,NewEra Logic,Senior Technical Recruiter,24 Apr 2014
David,Cao,,Austin Startup Founder Club,Organizer,20 Apr 2014
Yolanda,Hernandez,,"Healthpeak Properties, Inc.",Office Administrator,10 Apr 2014
Calvin,Woo,,Gusto,Data Engineer,10 Apr 2014
Sarah,Hollingsworth,,Peregrine Technologies,Deployment Strategist,09 Apr 2014
Paul,Renzi,,Umbrella Arcades,Founder,09 Apr 2014
Brittany,Dolinsek,,Prime Therapeutics,Risk & Controls Analyst Sr. IT,07 Apr 2014
Zachary,Melamed,,Spotify,"Engineering Manager, Live Events",07 Apr 2014
Adam,Hyder,,Malwarebytes,Chief Technology Officer,04 Apr 2014
Kelly,Hertling,,L&M Radiator,Human Resource Supervisor,03 Apr 2014
Piyush,Kumar,,Pinterest,Head of Product - Growth (Retention),02 Apr 2014
Rogerio,Chagas dos Reis,,"Integritas Solutions, Inc",Lead Automation Engineer | QA ,01 Apr 2014
Brad,Castagneri,,H-E Parts Mining,Shop Supervisor,01 Apr 2014
Derek,Persons,,Instacart,Staff Software Engineer,31 Mar 2014
Mike,Cain,,ConSol Partners,"Senior VP, USA",31 Mar 2014
Patrick,Moody,,Robinhood,Senior Software Engineer,30 Mar 2014
Andy,Natusch,,HSF Consulting,Managing Director & Principal Recruiter ,28 Mar 2014
Sherif,Abushadi,,NEAR Foundation,Advisor,27 Mar 2014
Matt,Ruby,,"Fort Pelican, Inc.",Founder,27 Mar 2014
rupen,etian,,ice production,"owner, prod. director",27 Mar 2014
Todd,Gardner,,TrackJS,President and Co-Founder,26 Mar 2014
Eric,Pratt,,Kaman Distribution,Customer Service Representative,24 Mar 2014
Rod,Ayers,,Twinkle Twinkle,Art Teacher,22 Mar 2014
bharat,siginam,,Manhattan Associates,Principal Technical Analyst,20 Mar 2014
Vanessa,Guiney ,,Meta,Technical Recruiting Manager,20 Mar 2014
Arto,Viitanen,,Seaber.io,Vice President Of Products,19 Mar 2014
Artem,Fedyaev,,GrabrFi,Founder & CEO,18 Mar 2014
Ranell,Lamke,,Cirrus Aircraft,Technician,18 Mar 2014
James,Calitina,,Marines' Memorial Club & Hotel,Assistant Chief Building Engineer,18 Mar 2014
Cooper,Reid,,Statsig,Solutions Engineering,17 Mar 2014
Daniel,Miller,,United States Steel Corporation,Millwright,17 Mar 2014
Trevor,Blackwell,,Umbrella Research,Founder,16 Mar 2014
Jenn,Merz,,JM Consulting,Talent Acquisition and Development,13 Mar 2014
Chad,Shepersky,,Guardian Angels Health and Rehab Center,NAR,12 Mar 2014
William,Maxwell,,Legal Aid Service of Northeastern Minnesota,Staff Attorney,12 Mar 2014
Ashley,Zidarich,,American Solutions for Business,Cost Allocation Team,12 Mar 2014
Jessica,Foschi,,"St. Louis County, MN",Assistant County Attorney,12 Mar 2014
Zachary,Yurczyk,,"Virginia MN, Fire Deparment",Firefighter/Paramedic,11 Mar 2014
Chris,McCann,,Race Capital,Partner,11 Mar 2014
Jon,Dahl,,"Mux, Inc.","Co-founder, CEO",11 Mar 2014
Karl,Mattson,,eyeo,"Senior Director, Growth",11 Mar 2014
Ross,Halvorson,,"Gridline, Inc.",Director of Customer Success,11 Mar 2014
Shereef,Bishay,,Zomes,Founder,11 Mar 2014
Daniel,Fagnan,,Stealth Startup,Senior Software Engineer,11 Mar 2014
Michael Anthony,Schuler,,Google,"Linguist, Kernel, Google Research",10 Mar 2014
Carl,Larson,,Telecommunications Industry,Billing Manager,10 Mar 2014
Mike,Hsu,,Cruise,NPI Materials Program Manager,10 Mar 2014
Brian,Naley,,Baby Jolie's Closet,Co-Owner and Head of Sales,08 Mar 2014
Mïchael,Maкaröv,,Twitter,Senior Software Engineer,08 Mar 2014
Deva,Santiago,,Tailscale,Head of Talent Acquisition,07 Mar 2014
Pete,Cundy  CPIM,,XXXX,Evaluating Options,07 Mar 2014
James,Skalski,,Iracore International LLC,Chief Financial Officer,06 Mar 2014
Sindre,Sorhus,,Open Source,Open-sourcerer,06 Mar 2014
Vanessa,Dominguez,,,,06 Mar 2014
Jonathan,Williams,,Embarc,Japan Country Head,06 Mar 2014
Piyush,Singh,,Skillshare,Senior Software Engineer - iOS,06 Mar 2014
Justin,Karneges,,Fastly,Principal Software Engineer,06 Mar 2014
Danny,Haber,,oWOW,"Co-Founder, CEO",06 Mar 2014
Jock,Breitwieser,,Arcserve,Vice President Global Marketing Communications & Brand,06 Mar 2014
Fardeen,Rahaman,,Cboe Global Markets,Network Engineer,06 Mar 2014
R.J. ,Lewis,,e-Healthcare Solutions,"Founder, President & CEO",06 Mar 2014
Derik,Bjorgo,,Keller Williams Realty Integrity NW,Real Estate Consultant,06 Mar 2014
Hunter,Gulan,,HG Films,Director of Photography,06 Mar 2014
Nicole,"Peterlin Schnell, SHRM-CP",,Avenica,"Vice President, People Operations",06 Mar 2014
Jim,Franklin,,Wurk,Board Member,06 Mar 2014
Ken,Decanio,,41monkeys,consulting startup guy,05 Mar 2014
Robin,Brozosky,,Meta,"Leadership Recruiter, Specialized Technology",05 Mar 2014
Hayley,Arkovitz,,ABEDI,Behavioral Therapist,05 Mar 2014
Neil,Aboshamaa,,iCIMS,Software Engineer,05 Mar 2014
John,Xie,,Taskade,Co-Founder and CEO,05 Mar 2014
K. Mike,Merrill,,KmikeyM,Publicly Traded Person,05 Mar 2014
Brad,Jesness,,,,05 Mar 2014
Rick,Girard,,Intertru Inc,Founder & CEO,05 Mar 2014
Alyssa,"Perala, BCBA",,"Autism Matters, Inc.",Chief Executive Officer,05 Mar 2014
Anne,Mullen,,Mullen Insurance Agency,Owner,05 Mar 2014
Anna,Klombies,,Vic.ai,"SVP, People",05 Mar 2014
Becca,Moll,,Mullen Insurance Agency,Insurance Agent,05 Mar 2014
David,Carpe,,Carpe Search Partners,Founder,05 Mar 2014
Hourann,Bosci,,Embark Trucks,Software Engineer,05 Mar 2014
Craig,Massingham,,Lazada,"VP, Product Design",05 Mar 2014
Jonah,Stiennon,,Wyldcard LLC,Inventor,05 Mar 2014
Joe,McCann,,Asymmetric,"Founder, CEO, CIO",05 Mar 2014
Matt,Baumel,,MB Consulting,Director,05 Mar 2014
Mayur,Dhande,,Apple,Public Cloud Solutions,05 Mar 2014
Nick,Lum,,BeeLine Reader,Founder,05 Mar 2014
Anshita,Jalan,,Meta,Recruiting Manager,05 Mar 2014
Steffany,Boldrini,,Monte Carlo Real Estate Investments,Principal,05 Mar 2014
Jattin,Dudakia,,SEMPRE (Secure EMP-Resistant Edge),Senior Director Software Development,05 Mar 2014
Jeff,Richardson,,Bison Technologies,Lead QA Automation Engineer,05 Mar 2014
Kirk,Johnson,,TikTok,Senior Instructional Designer,05 Mar 2014
Janice,Taylor,,Ahava Life,Founder of Ahava.life,05 Mar 2014
Kody,Kamunen,,Xcel Energy,Staff Engineer - Distribution System Planning,05 Mar 2014
Ryan,Mettee,,Forrester,High Tech Sales Leadership,05 Mar 2014
Rohit,Shetty,,Decentral Park Capital,Research,05 Mar 2014
Sugandi,Krishnan,,Madhi Foundation,"Senior Manager, People and Culture",05 Mar 2014
Melanie,Ahlquist,,Pots to Pot,"Owner ""Pots to Pot"" ~ Self-Employed",05 Mar 2014
Jeremy,Bolen,,Ramsey County,Deputy Sheriff,05 Mar 2014
Dylan,Hanour,,Rippling,Technical Recruiter- Leadership,05 Mar 2014
Amir,Haramaty,,Aiola,Chief Executive Officer,05 Mar 2014
Jeff,Gaynor,,ChiselStrike Inc.,Technical Advisory Board Member,05 Mar 2014
Chung H.,Liu,,Samsung Research America,Vice President of R&D,05 Mar 2014
Jill,Budik,,Spotlight Media Relations,Founder and President,05 Mar 2014
Salim,Madjd,,AsthmaMD,Co Founder,05 Mar 2014
Jaycob,"Dew, Google PMP",,MURAL,"Project Manager, Content Marketing",05 Mar 2014
James,Benton,,Alameda County,Social Worker III,05 Mar 2014
Ruzwana,Bashir,,SoFi,Board Member,05 Mar 2014
Linda Angela,Hoecker,,Amazon,"Sr. Design Program Manager for Homepage and Events, Shopping Design",05 Mar 2014
Anoop,jha,,Deloitte,Project Delivery Manager,05 Mar 2014
Anthony,Sherbondy,,Google,Senior Software Engineer,05 Mar 2014
Matthew,Surprenant,,Uber (through FlagShip Facilities Services),Facilities Technology Coordinator,05 Mar 2014
Eric Brian,Smith,,XY3D Inc.,Director of 3D,05 Mar 2014
Łukasz,Łoboda,,OpenServices,Senior Scrum Master & Agile Coach Consultant,05 Mar 2014
Djaya,Purnomo,,Matchpointe Group,Technical Account Manager,05 Mar 2014
Heidi,Green,heidi.in.duluth@gmail.com,Essentia Health,Clinical Applications Analyst II | Principal Trainer - ClinDoc,05 Mar 2014
Dylan,Schiemann,,Living Spec,"Co-Founder, CEO",05 Mar 2014
Chao,Li,,DoorDash,Software Engineer,05 Mar 2014
Cynthia,Lee,,Meta,Technical Sourcer,05 Mar 2014
Mindi,Ratzloff,,Blue Crab Consulting,Functional Consultant,05 Mar 2014
Emmanuel,Awofadeju,,Slack,Account Executive,05 Mar 2014
John,Mileham,,Betterment,CTO,05 Mar 2014
Craig,Condon,,QA Wolf,Senior Staff Engineer,05 Mar 2014
Rolf,Middendorp,,tba,Founder,05 Mar 2014
Ravi,Reddy,,A+ Search,Technical Recruiter,05 Mar 2014
Steve,Wallace,,Elevance Health,Staff Vice President Enterprise Digital Marketing Strategy,05 Mar 2014
Vlad,Magdalin,,Webflow,Co-Founder & CEO,05 Mar 2014
Dane,Santos,,Academia.edu,Lead Recruiter,05 Mar 2014
Jennifer,Harris,,Blue Diamond Growers,Talent Acquisition Manager,05 Mar 2014
Andy,Creighton,,Bill.com,Head of Inbound Sales - Accounting Firm Partnerships,05 Mar 2014
Jessica,Chan,,Airtable,"Engineering Manager, Observability",05 Mar 2014
Justin,Waters,,Meta,Technical Recruiter - Meta AI,05 Mar 2014
Ziyuan,Yao,,Self-employed,NLP Researcher and Developer,05 Mar 2014
Dustin,Colter,,Talentpair,Business Development,05 Mar 2014
Austin,Hallock,,Truffle,Founder & CEO,05 Mar 2014
Geoff,Martell,,BlackRock,Investment Management Associate,05 Mar 2014
Prabhakar,Kotla,,Uber,Sr. Product Lead,05 Mar 2014
Colleen,Velo,,SmartThings,Senior Infrastructure Engineer,05 Mar 2014
Anton,Buelt,,NELSON,Strategic Assistant,05 Mar 2014
Andri,Möll,,Monday Calendar,Timekeeper,05 Mar 2014
Burt,Herman,,Lede,Chief Executive Officer,05 Mar 2014
Michael,Canon,,ReversingLabs,CRO,04 Mar 2014
Connor,Perry,,CTC - Consolidated Telecommunications Company,Business Account Executive,04 Mar 2014
Tim,Caroline,,Northeast Service Cooperative,Director of the MSC Online program,12 Feb 2014
Tomas,Rau,,Nexlink Communications,Repair Technician,04 Feb 2014
Joseph,Paskett,,FedEx Ground,Courier,29 Jan 2014
Nick,House,,TekCurious,Special Event Coordinator,27 Jan 2014
Alon,Gutman,,oWOW,Co-Founder,27 Jan 2014
Yehuda,Katz,,Tilde Inc,Co-founder,31 Dec 2013
Matthew,Pettinelli,,The Estée Lauder Companies Inc.,Procurement Analyst (Project Manager),09 Dec 2013
Christie,Clapsaddle,,Target,Sr HR Process Business Partner,09 Dec 2013
Anthony (Tones),Porter,,Notable,Head Of Design,06 Dec 2013
Michael,Sprague,,TapResearch,"VP, Revenue",06 Dec 2013
Kevin,McCullough,,Neuralink,Electronics Engineer,05 Dec 2013
David,Walsh,,MetaMask,Senior Full Stack Engineer,04 Dec 2013
Richard,Hansen,,Northern Film Alliance 501(c)3,Co-Founder,19 Nov 2013
Omar,Dalberry,,"5 Kings Marketing, LLC",Chief Marketing Officer,15 Nov 2013
Brian,Choe,,DesignMap,Chief Financial Officer,15 Nov 2013
Niko Ralf,Cunningham,,Udacity,Senior Director of Product,15 Nov 2013
Ed,Williams,,Chartboost,"Vice President, Operations",14 Nov 2013
Jalen,Igbeare,,Logitech,Industrial Designer II,11 Nov 2013
Adam,Mork,,MobileCoin,Senior Software Engineer,07 Nov 2013
Greg,Blasko,,Stealth InsureTech Startup,Chief Technology Officer,07 Nov 2013
,,,,,06 Nov 2013
Kevin,Nguyen,,University of Michigan Medical School,Medical Student,06 Nov 2013
Austen,"Jones, EIT",,Bobcat Company,Design Engineer 2,06 Nov 2013
Aaron,Ho,,Front,Technical Recruiter,09 Oct 2013
🏕 Tom,Galpin,,Affirm,Senior Software Engineer,03 Oct 2013
Gary,Stockert,,Toovio,Chief Marketing Officer,30 Sep 2013
Anna,"Butzlaff, M. Ed",,Cannon School,Assistant Athletic Director & Sports Information Director,30 Sep 2013
Dasha,Nikolov,,Grafana Labs,Global People Operations,30 Sep 2013
🤙  Graham,Rath,,Synapse,Senior Technical Recruiter,30 Sep 2013
Nick,DeLuca,,Kava Labs Inc,Software Engineer,30 Sep 2013
Rick,Jones,,Hopper,Technical Recruiter,30 Sep 2013
Brandon,Monson,,Spectrum Enterprise,Enterprise Account Manager,30 Sep 2013
Matt,Doran,,GE Healthcare,EID Engineer,30 Sep 2013
Christopher,Ellefson,,"Ellefson Off Highway, Inc.",President,30 Sep 2013
Ryan,Irilli,,Lessen,Sr. Engineering Manager,30 Sep 2013
Conan,O'Brien,,Conan,CEO,29 Sep 2013
John,Boitnott,,Entrepreneur Media,Writer/Columnist,29 Sep 2013
Bertrand,Serlet,,Fungible - we are hiring!,Founder,27 Sep 2013
Mark,Wang,,Facebook,Software Engineer/Tech Lead Manager,27 Sep 2013
Aaron,Reisman,,BitGo,Senior Software Engineer,27 Sep 2013
Brian,Rue,,Rollbar,Co-founder and CEO,26 Sep 2013
Chris,Barber,,Vercel,Software Engineer,26 Sep 2013
Theis,Madsen,,Copenhagen XR,Organizer,26 Sep 2013
Kevin,Fox,,Fury Labs,Product Design Leader,26 Sep 2013
Eric,Prichard,,Architectural Resource Team,Architect - Project Manager,12 Sep 2013
Wes,Kashiwagi,,Cota Capital,Digital Marketing Director,09 Sep 2013
Lillian,Tatka,,University of Washington Bioengineering,Graduate Researcher,09 Sep 2013
Erik,Juhl,,Stealth,Founder,30 Aug 2013
Devina,Sharma Hart,,KarmaHelp Foundation,Head Of Digital Marketing,30 Aug 2013
Elisha,Vukovic,,Meta,Product Marketing - WhatsApp ,30 Aug 2013
Danny,Chahla,,University of St. Thomas,Principal Software Engineer,28 Aug 2013
Divya,Pancholia,,Trinamix Inc,Manager- Talent Management- North America,28 Aug 2013
Paul,DeGrote,,Nammu21,VP of Design,20 Aug 2013
Lee,Andron,,connectRN,"Director, Design Systems",20 Aug 2013
Jay,Gawronek,,kinship,Head of Engineering,16 Aug 2013
Paul,Irish,,Google,"Software Engineer, DevTools, Tooling, Performance, ",15 Aug 2013
Jonathan,Chung,,,,14 Aug 2013
Nate,Alvar,,FMG Suite,Vice President of Product Engineering,06 Aug 2013
Doug,Berg,,Rally Ventures,Technology Partner,23 Jul 2013
Gwendal,Roué,,Pierlis,Software architect,23 Jul 2013
Stephen,Nguyen,,ClusterHQ,Developer Evangelist,23 Jul 2013
Matt,Marenghi,,Netflix,"Vice President, Engineering",20 Jul 2013
Adam,Christian,,"Stateful, Inc",CEO & Co-Founder,19 Jul 2013
🧑‍💻Michael,Kaply,,Mozilla,Software Engineer,19 Jul 2013
Lem,Diaz,,Upbound,Head of People,18 Jul 2013
Chris,Castillo,,Empowered Achievers,Founder & Coach,16 Jul 2013
Yaron,Sadka,,Doughlivered,Owner,16 Jul 2013
Hailey,Vaughn,,US Army,Medic,12 Jul 2013
Brian,Park,,Chainalysis Inc.,Partners Solution Architect - Global Ecosystem,09 Jul 2013
Felicia,Preston,,Bayside Interiors Inc.,Carpenter,09 Jul 2013
Robert Joon,Kim,,ToMarket.Farm,Senior Ruby on Rails Engineer,05 Jul 2013
Leslie,Langan,,Provi,Director of Product Marketing,05 Jul 2013
Dabay,Villarin,,ServiceNow,Ad Operations Program Manager,04 Jul 2013
Kassidy,"Huynh, SHRM-PMQ",,Armorblox,Head of People and Culture,02 Jul 2013
William,Tran,,athenahealth,Technical Lead,29 Jun 2013
Ethan,Brinkman,e_brinkman@live.com,Miners National Bank of Eveleth,Mortgage Loan Officer,24 Jun 2013
Aneesh,Karve,,"Quilt Data, Inc.",Chief Technology Officer,18 Jun 2013
,,,,,06 Jun 2013
Alys,Kenny,,Penske Media Corporation,Associate Director of Content,03 Jun 2013
Preston,Gunderson,,Youth Frontiers,Digital Experience Specialist,03 Jun 2013
Greg,Castro,,"Celtra, Inc.","SVP, Sales & Business Development | Publishers & Platforms",30 May 2013
Rod,Franada,,ECHO IT Services at Abacus Group,Senior End User Support Specialist,28 May 2013
Vernon,Kephart,,Braze,"Director, Technical Account Managment (AMER)",24 May 2013
Jon J.,LoCurto,,Micron Technology,Senior Director of Talent Acquisition - North America and EMEA,23 May 2013
Dan,Schmitz,,Carlisle Fluid Technologies (formerly Motion Tech Automation),Controls Engineer,12 May 2013
Karthik,Kandaswamy,,US Department of Energy,"Solar Decathlon, Member of Photovoltaic Team",19 Apr 2013
Mat,Koppang,,Crown Iron Works,Pilot Plant Operations Manager,19 Apr 2013
Christopher,Pukit,,Mitchell Martin Inc.,Sr. Vice President Strategic Accounts,15 Apr 2013
Jon,Anderson,,Security Service Federal Credit Union,Digital Performance Analytics Manager,12 Apr 2013
Wesley,Stubbs,,Mount Royal Bottle Shoppe,Salesperson,07 Apr 2013
Keith,Lee,,Walmart Global Tech,"Senior Manager, Software Engineering",17 Mar 2013
Angela,"Zweers, MBA",,Benefit Enrollment Services,Benefits Specialist,16 Mar 2013
Justin,Meyer,,Daktronics,HR Business Partner,27 Feb 2013
Megan,Mizuko,,Minnesota Wild,Retail Sales Lead,19 Feb 2013
Dandrye,Arther,,Independent Business Owner at Amway Global,independant buiness owner,19 Feb 2013
Andrew,Park,,Sprig,Product Engineering Manager,14 Feb 2013
Adam,Smith,,AppLovin,Head of Talent Acquisition,07 Feb 2013
Diana,Park,,7Summits,Senior UX Designer,07 Feb 2013
Eric,Wendelin,,Amazon Web Services (AWS),Software Development Engineer III,07 Feb 2013
Onur Can,Cakmak,,Google,Sr Engineering Manager,07 Feb 2013
Robert,Trefethren,,Hatch Realty,Director of Expansion and Research; Client Care Specialist; and Client Concierge,06 Feb 2013
Henry,Wu,,BoomPop,Lead Product Designer,05 Feb 2013
Joseph,Harpstrite,,Windward Water Sports,Kiteboarding Instructor,05 Feb 2013
Ryan,George,,Tribe Capital,Partner,18 Jan 2013
Luis,Flores,,Harris & Associates,Construction Manager,20 Dec 2012
Jenny,Talwar,,Coursera,Senior Director of Talent,11 Dec 2012
Roshy,Mozafar PE QSD,,Millennium Consulting Associates,Program Director ,10 Dec 2012
Benjamin,Kading,,SPS Commerce,Senior Consultant,03 Dec 2012
Zach,Smith,,Datadog,Senior Software Engineer,01 Dec 2012
Dylan,Ale,,"Envestnet, Inc",Senior Engineering Business Systems Analyst,29 Nov 2012
Loren,Kosloske,,Uber,Head of Growth & New Verticals - Travel & Airports,29 Nov 2012
Eric,Caron,,Caribou Coffee,Sr Director of Digital Experience,29 Nov 2012
Calen,Ipalook,,Splunk,Senior Sales Engineer,28 Nov 2012
Saif,Altimimi,,Notch,President & Co-Founder,26 Nov 2012
Jocelyn,Berl,,Bell family ,Infant Nanny,25 Nov 2012
Timothy,Evans,,Uji Time Dessert,Ice Cream Specialist,13 Nov 2012
Liam,Stannard,,BigRentz,Chief Technology Officer,07 Nov 2012
Ikon,Eco,,Etsy,Staff Product Designer,06 Nov 2012
Kenneth James,Hamer,,ServiceNow,"Director, Product Design",05 Nov 2012
Vlad,Kachur,,Vlad Kachur Show,Host at Vlad Kachur Show,02 Nov 2012
Jordana,"Turner, MBA",,Target,Executive Team Leader - GM and Food Sales,31 Oct 2012
Parisa,Hoveida,,invisible friend,Co-Founder,27 Oct 2012
John,Gedmark,,Astranis,CEO & Cofounder,23 Oct 2012
André,Gordenstein,,Atlassian,Head of Market Expansion,19 Oct 2012
Greg,Lindahl,,Smithsonian Astrophysical Observatory,Software Architect,12 Oct 2012
Derek,Minter,,Purse,Recruiting/HR/Operations,10 Oct 2012
Easwaran,Subbaraman,,Valerity,Technology Risk and Cost Expert for COOs/companies,10 Oct 2012
Arvin,Pratap,,Reliance Realty Group,Realtor,09 Oct 2012
chi ching,che,,Volunteer Income Tax Assistance VITA,Tax Assistant,01 Oct 2012
Plamen,Petrov,,Offerbus,Founder,11 Sep 2012
Zachary,Crockett,,Tango Tango,Head of IoT,28 Aug 2012
Karen,Haedtke,,UMD,Executive Office and Administrative Specialist ,28 Aug 2012
Ben,Bazzrea,,Crafter of Epic Songs,Songwriter,17 Aug 2012
David,Garcia,,Gartner,Consultant,14 Aug 2012
Mike,McNeil,,Fleet Device Management,Chief Executive Officer,07 Aug 2012
Christian,Sanz,,Skycatch,"CEO, Founder",24 Jul 2012
,,,,,23 Jul 2012
Brandon,L,,Fame Engine,Self,20 Jul 2012
Timothy,Flores,,Flores Realty Team,Realtor & Team Leader,12 Jul 2012
Andrea,Sprague,,The Holistic Chef,Professional Chef and CEO,10 Jul 2012
Katie,Schultz,,Bluum,Director of Human Resources,10 Jul 2012
Andrew,Macht,,SafeNet Consulting,Software Engineering Consultant,27 Jun 2012
Dan,Riley,,RADICL,Co-Founder,26 Jun 2012
Christopher,Deutsch,,"Axiom, Inc.",Principal Frontend Engineer,22 Jun 2012
Rachel,Cheung,,HSBC,Sub-Value Stream Delivery Lead,20 Jun 2012
Ronald,Zhang,,Linfo Research Inc.,"Founder, Chief Scientist",03 Jun 2012
Jordan,Feldstein,,BlocPower,Product Co-Chief / Tech Lead,30 May 2012
Sergey,Lossev,,Samsung Electronics,"Sr Director, Product Management",29 May 2012
Lexi,Wilson,,Evernorth,Knowledge Engineer,28 May 2012
Jeff,Lin,,All Day Kitchens,Head Of Engineering,24 May 2012
Timothy,Dziczek,,BLKBX Creative Group,Motion Designer,17 May 2012
Satish,Veerapuneni,,Okulis.ai,CEO & Co-Founder - We're Hiring!  ,17 May 2012
Jordan,Phillips,,Wolt,"Product Lead, Japan",17 May 2012
,,,,,13 May 2012
Jared,Booye,,Titus Klein,Principal / Sr. Creative Director,05 May 2012
Phillip,Lovelace,,Kajabi,Senior UX Developer,05 May 2012
Justin,Peck,,BigBadToyStore,Software Architect,04 May 2012
Oliver,Bremer,,Visa,"Senior Director Product Management, Cybersource",03 May 2012
Darius,T,,Harmonic Labs,Growth,02 May 2012
Nika,Jones,,MobiMic LLC,Founder,01 May 2012
Natalie,Brockway,,Self-employed,Stay-at-Home Mom,30 Apr 2012
Andrew,Kinnas,,Confluent,Sr. Technical Recruiter,26 Apr 2012
Chris,Cinelli,,eBay,Senior Member Of Technical Staff,23 Apr 2012
Sean,Finn,,SPS Commerce,"Manager, Enterprise Business Development",20 Apr 2012
Jason,Moon,,BetterUp,Staff Frontend Engineer,20 Apr 2012
Matt,Nunogawa,,Hop Labs,Management Consultant,19 Apr 2012
Ruth,Polachek,,LessTests,CEO & Co-Founder,18 Apr 2012
Jessie,Young,,GitLab,Staff Backend Engineer,17 Apr 2012
Vi,Tran,,Touchplan,Software Engineer,16 Apr 2012
Doug,Camplejohn,,Airspeed,CEO and Founder,16 Apr 2012
Derek,Andersen,,Bevy (bevy.com),Co-Founder/CEO,15 Apr 2012
Tim,Adair,,Phenom,Executive Director of Product Management,12 Apr 2012
Wojtek,Poppe,,Google,Product Manager,12 Apr 2012
Mark,Wagner,,USA TODAY NETWORK,Lead Software Development Engineer,12 Apr 2012
Alexander,Mimran,,Airbnb,Design Manager,11 Apr 2012
Josh,Smith,,Keyhero,Founder,10 Apr 2012
Edwin,Evans,,"Project Waste Not, Inc.",CTO,10 Apr 2012
Justin,Carden,,Freelance,Developer / Designer,10 Apr 2012
The,Dude,,,,09 Apr 2012
Ian,Maffett,,ZenBusiness,Fintech Engineering ,07 Apr 2012
Sunil,Murthy,,ServiceNow,"Business Operations Director, Industry Products",06 Apr 2012
Lincoln,Nguyen,,Karuna Labs,CEO,06 Apr 2012
Adam,Crabtree,,Netflix,Senior Software Engineer,06 Apr 2012
Chris,Brama,,Carousel Digital Signage,Vice President of Sales,06 Apr 2012
Frank,Wiles,,"Revolution Systems, LLC",Partner,06 Apr 2012
Derrick,Ko,,Matchday,CEO & Co-founder,06 Apr 2012
Karan,Sakhuja,,Knock,Co-founder & Chief Labs Officer,06 Apr 2012
Peter,Olfe,,Google,Strategic Partnerships Development Manager,06 Apr 2012
Peter,Butler,,TelevisaUnivision,"VP, Engagement Product",06 Apr 2012
Rod,Ebrahimi,,MIT Sloan School of Management,Graduate Student,06 Apr 2012
Ignacio,Thayer,,Avant,Director of Engineering,06 Apr 2012
Josh,Fraser,joshfraz@gmail.com,Origin Protocol,Co-founder,06 Apr 2012
Daniel,Borges,,CrowdStrike,Senior Red Team Engineer,06 Apr 2012
Laƞce,Pollard,,Payscale,Senior Software Engineer,06 Apr 2012
Rahul,Vohra,,Superhuman,Founder & CEO,06 Apr 2012
Mary Sunshine,Luna,,Clari,Lead Technical Recruiter,05 Apr 2012
Kurt,Varner,,Frame.io,VP of Design,05 Apr 2012
Jade,Wang,,"Cloudflare, Inc.",Head of Developer Relations,03 Apr 2012
Dana,"Snuggerud,MPAS, PA-C",,Surgical Specialists of Minnesota,Physician Assistant,02 Apr 2012
Brian,Dillard,,VinES,Chief Growth & Technology Strategy Officer,26 Mar 2012
Harry,Glaser,,Modelbit,Co-Founder & CEO,23 Mar 2012
Jay,Liew,,Stealth Startup,Co-founder & CTO,23 Mar 2012
Tom,O'Neill,,Modelbit,Co-Founder & CTO,23 Mar 2012
Tyler,Koblasa,,WildVoice Company,Founder,16 Mar 2012
Akhsar,Kharebov,,Science,President,16 Mar 2012
Derek,Anderson,,Axiom,Frontend Engineer,15 Mar 2012
Joey,Zhou,,"Plume Design, Inc",Engineering,15 Mar 2012
Shaun,Porcar,,"Checkr, Inc.","Director, Customer Success",15 Mar 2012
Darshan,Shankar,,Bigscreen VR,CEO & Founder,06 Mar 2012
Hyejung Amy,Min,,KOREA NATIONAL PENSION SERVICE,Portfolio Manager,06 Mar 2012
Dennis,Rick,,Palantir Technologies,Engineering Recruiter,06 Mar 2012
Chris,Anderson,,ASB Bank,Senior UX Specialist,06 Mar 2012
Yuri G.,Rabinovich,,VNTR Capital,Founder and Managing Partner,05 Mar 2012
Scott,Vlaminck,,One Tap Away,Co-Founder,05 Mar 2012
Lior,Tamir,,,,05 Mar 2012
Cat,Sampson-Gómez,,Celzo,Co-Founder,03 Mar 2012
Gargi,Adhav,,Google,Director Engineering,02 Mar 2012
Idan,Benaim,,"CSI - Claims Service International, Inc",Director Of Product Management And Marketing,01 Mar 2012
Russell,Klusas,,Tradecraft,Founder,01 Mar 2012
Nahom,Abegaze,,Maharishi International University,Associate Dean Of Students,01 Mar 2012
LoRetta,Seppi,,ISD#695,Retired  Teacher,27 Feb 2012
Robert Alan,Iannucci Jr,,Google,Software Engineer,18 Feb 2012
Nathan,Murthy,,Stripe,Staff Software Engineer,02 Feb 2012
Adam,Rifkin,,PandaWhale,"Co-founder, Director, and Co-CEO",02 Feb 2012
David E.,Weekly,,Redwood City School District,Trustee,01 Feb 2012
Emerson,Malca,,Apple,Engineering Manager at Apple Books,31 Jan 2012
Finbarr,Taylor,,Shogun,CEO,31 Jan 2012
Karin,Linnér (fd Nordström),,Almi,Regional Projektledare,31 Jan 2012
Fishler,Eyal,,Joyous,Chief Technology Officer,30 Jan 2012
Ankit,Agrawal,,Google,Enterprise Account Executive,30 Jan 2012
Jayaram Prabhu,Durairaj,,Apple,Senior Data Scientist,30 Jan 2012
David,Marks,,Rakuten Rewards,"GM, Strategic Initiatives",30 Jan 2012
Naureen (Nora),Nayyar,,Kaamos Accelerator,Co creator,30 Jan 2012
Diderik,van Wingerden,,,,30 Jan 2012
Zack,Parker,,LÜK,CEO & Co-Founder,30 Jan 2012
Shane,Heath,,MUD\WTR,Founder & CEO,30 Jan 2012
Joseph,Okafor,,Eloka Logistics LLC,Chief Operating Officer,29 Jan 2012
Dan,Velasquez,,Catholic Charities of Santa Clara,Facilities and Project Manager,26 Jan 2012
Michael,Ang,,I V P L,Managing Director,26 Jan 2012
Roy,Arsan,,Google,Cloud Solutions Architect,24 Jan 2012
Lukas,Dickie,,,,16 Jan 2012
Steve,Vlaminck,,One Tap Away,Software Engineer,13 Jan 2012
✪ (Irv) Irving,Briscoe,,Epsilon,"Director, Digital Experience - Global MarCom & MarTech",03 Jan 2012
Jaffrey,Blanks,,Horizontal Integration,National Recruiting Manager,29 Dec 2011
Cheyenne,Mikkola-Rahja,,Essentia Health,Contingent Labor Employee Representative,22 Dec 2011
Rachel,Kraft Mattson,,University of Minnesota,Communications Specialist,19 Dec 2011
Zachary,Gregorich,,Trellis Rx,Advanced Team Liaison,18 Dec 2011
Callan,Young,,ON24,Chief Marketing Officer,07 Dec 2011
Molly,Augustin,,Yamamoto,Copywriter,06 Dec 2011
John,McKinley,,Colossal Biosciences,Strategic Advisor,29 Nov 2011
Di,"Tremblay, CPA,MSA,MSF",,"PerkinElmer, Inc.","Senior Manager, Finance",23 Nov 2011
Kimberly,Swinney,,Inver Hills Community College,Director Of Student Life,20 Nov 2011
Cassi,Hansen,,Rec Room,Head of People,17 Nov 2011
Naomi,O'Connell,,Rsi,Dsp,15 Nov 2011
Matthew,McVeigh,,Amazon Web Services (AWS),UX Designer,15 Nov 2011
Bill,Galfano,,Salesloft,"SVP, Consulting Services",15 Nov 2011
James W.,Anderson,,James W. Anderson,Keynote Speaker/ Trainer/ Author,15 Nov 2011
Calvin,Griffin,,Xactly Corp,Enterprise Account Executive,14 Nov 2011
Brad,Marsh,,Chewy,"Associate Director, Software Engineering",14 Nov 2011
Ehsun,Angadjivand,,Daily Thermetrics,Department Manager of Field Engineering Services,13 Nov 2011
Neal,Tovsen,,Electric,Director Of Engineering,10 Nov 2011
Grant,Chandler,,Medica,Digital Operations Manager,10 Nov 2011
James,Greene,,GitHub,Senior Software Engineer,10 Nov 2011
Kijo,Pulford,,Northeast Service Cooperative,Educational Services Program Specialist,10 Nov 2011
Shawn,Wickam,,Rypen,CTO/Co-Founder,10 Nov 2011
Troy,Kaspari,,Apple Retail,Market Leader,09 Nov 2011
Curt,Walczak,,Northland Small Business Development Center,Senior Business Consultant,09 Nov 2011
Theresa,Rogers,,"Intuit, Assurance",Remote Independent Contractor,09 Nov 2011
Scott,Davis,,QONQR,Janitor,09 Nov 2011
Catherine,Rossini,,"Perspectives, Inc.",Finance Director,09 Nov 2011
KiN,Rogers,,,,09 Nov 2011
Dane,Messall,,BrightAI,Lead Designer & Manager,08 Nov 2011
Aaron,Bannin,,Miro,Analytics Engineer,08 Nov 2011
Jialin,Ding,,Salesforce,Program Architect,08 Nov 2011
Solome,Tibebu,solome@cognific.com,Going Digital: Behavioral Health Tech,Founder & CEO,08 Nov 2011
Shivani,Khanna Stumpf,,PowerSchool,Group Vice President,08 Nov 2011
Brett,Thoreson,,CartStack,Founder,08 Nov 2011
Kevin,Whinnery,,Retool,Head of Developer Experience,08 Nov 2011
Julian,Reytel,,Digi-Key Corporation,IT Consultant - Senior Java Developer,08 Nov 2011
John,Riedl,,University of Minnesota,Professor,08 Nov 2011
,,,,,08 Nov 2011
Corey,Thompson,,Stryker,"Director, R&D, Software",02 Nov 2011
Hiromi,Matsumoto,,REACH - Podcast & Community,Producer,18 Oct 2011
Nathan,Dahl,,Northern State Bank of Virginia,SVP Chief Credit Officer,11 Oct 2011
Aaron,Kardell,,Lone Wolf Technologies,"VP, Product",11 Oct 2011
Ernest,Grumbles,,Grumbles Law PLLC,Founder and Managing Partner,11 Oct 2011
Harvey A.,"Andruss, MBA",,Andruss Consulting,Principal,11 Oct 2011
Joseph,Rueter,,Vivront • Kitchen knife sharpening by mail,Founder,10 Oct 2011
Joel,Youngblom,,University of Oregon,Web Developer,10 Oct 2011
Eric,Kinsella,,Oznr,Senior Software Engineer,06 Oct 2011
Marc,Grabanski,,MJG // Frontend Masters,"Founder, CEO & UI Developer",04 Oct 2011
Breann,Thorne,,Mesabi Family YMCA,Lifeguard/ Swimming Instructor,28 Sep 2011
Spencer,Hartberg,,SmartThings,Software Engineer,22 Sep 2011
Ben,Edwards,,Mural Advisors,Director of Consumer Experience & Engagement,21 Sep 2011
Thomas,Knoll,,Revelry Labs,COO,21 Sep 2011
Jesse,O'Neill-Oine,,One Tap Away,Founder,09 Sep 2011
Bharath,Channakeshavaiah,,Clear,Senior Director of Products,08 Sep 2011
Tristan,Kromer,,Kromatic - Lean Coaching & Innovation Ecosystem Design ,Innovation Coach & Founder ,06 Sep 2011
Ayman,Ahmed (he/his),,Driehaus Capital Management LLC,Assistant Portfolio Manager,13 Jul 2011
Huzoor Bux,Panhwar,,Khud Muhafiz,Ambassador,28 Jun 2011
,,,,,28 Jun 2011
Cory,Vandenberghe,,Railing Shop Collective,Creative // Maker // Artist // Owner,28 Jun 2011
Christopher,Becker,,Idaho National Laboratory,Wireless Communications Cyber Security Researcher,23 Jun 2011
Jake,Nelson💚🏴‍☠️,,Great Northern Powder Guides,Backcountry Guide,22 Jun 2011
Joel,Howard,,Next Iteration,System Integration Consultant,22 Jun 2011
Erik,Pettersen,,GreatSchools.org,Senior Product Manager,22 Jun 2011
Jesse,Schilling,,,,21 Jun 2011
Martin,Sawinski,,Proto.Hub,Chief Geek,18 Jun 2011
Alexandra,"Siwy, P.E.",,U.S. Nuclear Regulatory Commission,Nuclear Engineer,13 Jun 2011
Alana,Fink,,Trust for Public Land,Associate Director of Digital Engagement,09 Jun 2011
Sean,"Finn, CPA",,RSM US LLP,Tax Manager,31 May 2011
Franck,Nouyrigat,,one37,co founder,31 May 2011
Mike,Schoelch,,ironSource,"VP Global Agency and Brand Sales, Marketplace",31 May 2011
Kaitlin,Brakke,,Jackson County Health Department ,Health Policy Analyst,31 May 2011
michael,priest,,MESABI RECREATION,OWNER,31 May 2011
Dimitris,Komis,,European Investment Bank (EIB),Quality management officer,31 May 2011
Jon,Coudron,,Stealth Startup,Co-Founder,28 May 2011
Brenda K.,Kochevar,,Mesabi Range College,Director of Enrollment Service & Public Information,27 May 2011
Laura,Sallstrom,,Spyder Trap Online Marketing,Executive Assistant,26 May 2011
Garrio,Harrison,garrio@discovercurious.com,Curious,Partner / Sales Enablement,25 May 2011
Jeff,Bollinger,,"Preferred Credit, Inc.",Vice President of IT / CTO,25 May 2011
Ashley,Rugg,,Entegris,Business Process Specialist,24 May 2011
Tyler,Olson,,SHYLD Academy,Founder & CEO,24 May 2011
Allan,Tokuda,,Bright Health,Staff Software Engineer,24 May 2011
Molly,Anderson,,Kinderberry Hill Child Development Centers,Lead Intermediate Teacher,23 May 2011
Parker,Backstrom,,Minex LLC,Sales Manager,23 May 2011
Alex,Reilly,,Olson Technology,Director,23 May 2011
Luke,Francl,,GitHub,Senior Software Engineer,23 May 2011
Jennifer,Wainionpaa,,Park State Bank,Vice President Business Banker,23 May 2011
Sam,Kovar,,Tietoa,Principal,23 May 2011
Ryan,Reilly,,"North Coast Holdings, LLC",Founder,23 May 2011
Suzan,Gonia,,University of Minnesota,Program associate,23 May 2011
Ryan,Freed,,Cottage,Investor and Strategic Advisor,23 May 2011
Dayna,Needham,,General Mills,Assistant Brand Experience Manager,23 May 2011
mark,matusovic,,Deneen Pottery,System Manager,23 May 2011
Eric E.,Strait,,World Inside News,Founder,22 May 2011
Doug,Backstrom,,Idea Drilling LLC,Project Manager,22 May 2011
Colin,Lesnar,,,,22 May 2011
Devin,Bezdicek,,West Monroe Partners,Product Team Lead,22 May 2011
Benjamin,Kruse,,Open Systems International,Product Engineer,22 May 2011
Steve,Johnson,,University of South Florida,"Data Scientist, Student Success and Strategic Initiatives",22 May 2011
Nathan,Charbonneau,,Lutheran Social Service of Minnesota,Jail Program Coordinator ,17 May 2011
John,Dahmen,,RSM US LLP,Assurance Manager,16 May 2011
Matt,Lee,,Optum,Principal UX Engineer,09 May 2011
Andy,Thompson,,Splice,Product,01 May 2011
Tom,Gibbons,,The College of St. Scholastica,Professor,28 Apr 2011
Jameson,Detweiler,,TIER Mobility,VP of Special Projects,27 Apr 2011
Kimberly,Kerr,,Freelance,Independent Contractor,26 Apr 2011
John,Krech,,UnitedHealth Group,Principal Data Scientist,26 Apr 2011
Jay,O'Connor,,Slack,Senior Director Of Engineering,22 Apr 2011
Darren,Cox,,Self employed,SEO and Digital Marketing Consultant,21 Apr 2011
Jeffrey,Miller,,Compass Leadership,CEO & Business Navigator,20 Apr 2011
Dipti,Sharma,,Boeing,Senior Business Operations Specialist,14 Apr 2011
Kevin,"Wehber MBA, CSPO",,Verstand AI,Director Of Product Development,13 Apr 2011
Brita,Jennissen,,UnitedHealthcare and Medtronic,Marketing Specialist,08 Apr 2011
Garrison,"Hunter, CPA",,Nova Ltd.,Controller,07 Apr 2011
Cem,Erdem,,Skyway Capital,President,07 Apr 2011
MarySue,Mertens,,AMAZINGLAZE,Owner Operator ,07 Apr 2011
Dana,Johnson,,"Heraeus Medical Components (formerly Biotectix, LLC)",Senior Project Engineer,05 Apr 2011
Laura,"Trancheff,MBA",,Restaurant Technologies,Senior Director-Strategic Human Resources & Corporate HR,04 Apr 2011
Clint,Nelsen,,Watr Protocol,Co-Founder,31 Mar 2011
Michael,Lawrence,,Memento | Caring for Caregivers,Entrepreneur In Residence,30 Mar 2011
Nicole,Tollefson - Frampton,,Tennant Company,Global Associate Product Manager,29 Mar 2011
Shane,Aamodt,,CBRE,RE Accountant,29 Mar 2011
Bradley,Bedford,,Revenue.io,Enterprise Customer Success Manager,29 Mar 2011
Casey,Allen,,Enterprise Rising Conference,Founder,23 Mar 2011
Ravi,Chityala,,Apple,Machine Learning Engineer,22 Mar 2011
Andy,Pickett,,Amazon,Software Development Manager,21 Mar 2011
Paul,Treuer,,pt consulting,Consultant,21 Mar 2011
John,Kratz,,University of Minnesota Duluth,Chair - Professional Sales Program Advisory Council,21 Mar 2011
David J.,Granlund,,"Advantage Lime & Trucking, LLC",Sales Specialist,21 Mar 2011
Jeff,Pesek,,TECHdotMN,Co-founder,21 Mar 2011
Jeremy,Olson,,Camping World,Regional Business Development Manager,21 Mar 2011
Shane,Reiser,,Tucson Foodie,Owner,20 Mar 2011
Eric,Brandes,,TrackJS,Co-founder,19 Mar 2011
Admas,Molla,,Whitepages,Software Engineering Manager,19 Mar 2011
Jake,"Sallander, CPA",,Baker Tilly US,Senior Manager,19 Mar 2011
Michael,Gundlach,,Just a guy,Just a guy,19 Mar 2011
Abhinav,Jha,,Informatica,Sr Informatica Support Engineer,19 Mar 2011
John,Sheehan,,ROAM Bike Shop,Owner,18 Mar 2011
Ben,Damman,,"LRP, The Loss Run Pros",Chief Technology Officer,17 Mar 2011
Joe,Siegrist,,LogMeIn,Former VP and General Manager LastPass,17 Mar 2011
Don,Ball Carbajal,,Northeast Minneapolis Arts Association,Board Member,16 Mar 2011
Miguel,Hernandez,,Grumo Media,Founder,16 Mar 2011
Ansel,Santosa,,Whidbey Community Foundation,Board Member,16 Mar 2011
Tyler,Kruzel,,Graco,Electrical Design Engineer,12 Mar 2011
Tracy,Poulliot,,Walmart,"VP, Ecommerce Strategy & Governance",11 Mar 2011
Tod,Urban Jr,,"MOWER, COUNTY OF",Corrections Officer,10 Mar 2011
Tom,Piere,,uShip,Sr Software Developer,08 Mar 2011
Kyle,Hart,,GITTLEMAN CONSTRUCTION & MAINTENANCE CORP,Accountant,07 Mar 2011
McIsiah,"Kendema, CSM",,Borderless Translations,Chief Executive Officer and Founder,07 Mar 2011
MaryLynn,Garro,,"University of Minnesota Duluth, College of Education & Human Service Professions",Academic Advisor,24 Feb 2011
Carol,Zakula,,www.carolzakula.com,Freelance Copy Writer,31 Jan 2011
Travis,"Nemanick, MBA",,Reyes Coca-Cola Bottling,"Manager, Sales Execution & Insights",31 Jan 2011
Emily,Schultz,,University of St Thomas,Researcher,28 Jan 2011
Claudia,Plaunt-Martin,,University of Minnesota Duluth,Program Coordinator,19 Jan 2011
Adam,Hofmann,,Responsum AI,Co-Founder,10 Jan 2011
Pat,Borchert,,Metropolitan State University,Associate Professor and Department Chair,07 Jan 2011
Dilip,More,,Computer Care,Employee,01 Jan 2011
David,Rhode,,,,10 Dec 2010
Jeff,Mikkola,,"FNBCNet, Inc.",President,30 Nov 2010
Andy,"Grengs, EA",,TCG Accounting,Owner,30 Nov 2010
Olivia,Cho,,Wisconsin Livestock Identification Consortium,Database Coordinator,29 Nov 2010
Scot,Halverson,,NVIDIA,HPC Solutions Architect,29 Nov 2010
Jeff,Pasley,,Georgia Gwinnett College,Associate Professor,23 Nov 2010
Cody,Eliason,,,,23 Nov 2010
Sarah,Bublavy,,Murray - Calloway County Hospital,Fitness Instructor,22 Nov 2010
Cassie,"Evancevich, CPA",,UNFI,Tax Accounting Supervisor,21 Nov 2010
Derek,Rhode,,Unfold Agency,Developer,18 Nov 2010
Shannon,Forrest,,Interim HealthCare,CNA/HHA,17 Nov 2010
Casey,Hart,,Restaurant Technologies,Sr. Pricing Implementation Specialist,17 Nov 2010
Suzanne,Semborski,,,,17 Nov 2010
Toby,Anderson,,Mesabi Range Community and Technical College,Director Disability Services,17 Nov 2010
Victoria,Ramponi,,YMCA,lifeguard,17 Nov 2010
Alden,Rhode,,Aldens Restaurant,Owner,17 Nov 2010
Brendon,Schrader,,Indy Ventures,Founder & CEO,17 Nov 2010
Tom,Mattson,,Marketing for Romance Writers,welder,17 Nov 2010
Brooke,Thomas,,,,17 Nov 2010
Ben,Tollefson,,Graco,Global Product Marketing Manager,17 Nov 2010
Ehsun,Angadjivand,,,,17 Nov 2010
Joël,Bourquard,,CIM Banque,BI Consultant,04 Nov 2010
Emily,Werschay,,Mesabi Range College,Speech Communication Instructor,24 Sep 2010
Stephen,Erickson,,The Washington Post,Director Of Engineering,02 Sep 2010
Anitha,Littleyz,,,,31 Aug 2010
Patricia,Rhode,,AEOA Head Start,Teacher,30 Aug 2010
Suzanne,Semborski,,School District of Superior,Reading Acceleration Teacher,30 Aug 2010
Ronald,Nessett,,,,30 Aug 2010
Loretta,Seppi,,,,30 Aug 2010
matt,rich,,L and M supply,Head Of Department,30 Aug 2010