Endorsement Date,Skill Name,Endorser First Name,Endorser Last Name,Endorsement Status
2015/05/15 23:19:28 UTC,Start-ups,Joseph,Harpstrite,ACCEPTED
2015/04/29 15:24:54 UTC,User Experience,Kassidy,"Huynh, SHRM-PMQ",ACCEPTED
2015/03/19 12:50:37 UTC,User Experience,Melanie,Ahlquist,ACCEPTED
2015/03/09 23:20:11 UTC,User Experience,MarySue,Mertens,ACCEPTED
2015/03/09 23:17:26 UTC,JavaScript,MarySue,Mertens,ACCEPTED
2015/03/07 03:11:37 UTC,jQuery,Danny,Chahla,ACCEPTED
2015/03/07 03:10:00 UTC,CSS,Danny,Chahla,ACCEPTED
2015/03/07 03:08:39 UTC,JavaScript,Danny,Chahla,ACCEPTED
2015/01/13 15:44:33 UTC,Start-ups,Theresa,Rogers,ACCEPTED
2015/01/06 20:40:28 UTC,Web Development,Theresa,Rogers,ACCEPTED
2014/12/13 21:06:50 UTC,Web Development,Matthew,Pettinelli,ACCEPTED
2014/12/12 06:23:14 UTC,Web Development,Barry,Frey,ACCEPTED
2014/12/04 19:43:14 UTC,Node.js,Ian,Swain,ACCEPTED
2014/12/04 19:43:14 UTC,HTML5,Ian,Swain,ACCEPTED
2014/12/04 19:43:14 UTC,Mobile Applications,Ian,Swain,ACCEPTED
2014/12/04 19:43:14 UTC,Open Source,Ian,Swain,ACCEPTED
2014/12/04 19:43:14 UTC,jQuery,Ian,Swain,ACCEPTED
2014/11/26 03:57:09 UTC,JavaScript,Abhinav,Jha,ACCEPTED
2014/11/21 23:06:48 UTC,Entrepreneur,Ian,Swain,ACCEPTED
2014/11/21 23:06:48 UTC,Web Design,Ian,Swain,ACCEPTED
2014/11/21 23:06:41 UTC,Entrepreneurship,Ian,Swain,ACCEPTED
2014/11/21 23:06:39 UTC,Start-ups,Ian,Swain,ACCEPTED
2014/11/21 23:06:38 UTC,HTML,Ian,Swain,ACCEPTED
2014/11/21 23:06:33 UTC,Web Development,Ian,Swain,ACCEPTED
2014/11/21 23:06:33 UTC,JavaScript,Ian,Swain,ACCEPTED
2014/11/21 23:06:32 UTC,HTML 5,Ian,Swain,ACCEPTED
2014/11/21 23:06:31 UTC,CSS,Ian,Swain,ACCEPTED
2014/11/11 04:31:37 UTC,CSS,KiN,Rogers,ACCEPTED
2014/11/11 04:29:19 UTC,JavaScript,KiN,Rogers,ACCEPTED
2014/10/24 00:01:26 UTC,Web Development,David J.,Granlund,ACCEPTED
2014/10/24 00:01:26 UTC,HTML5,David J.,Granlund,ACCEPTED
2014/10/24 00:01:26 UTC,Start-ups,David J.,Granlund,ACCEPTED
2014/10/24 00:01:26 UTC,Entrepreneurship,David J.,Granlund,ACCEPTED
2014/10/24 00:01:26 UTC,HTML,David J.,Granlund,ACCEPTED
2014/10/24 00:00:42 UTC,User Experience,David J.,Granlund,ACCEPTED
2014/10/15 18:06:29 UTC,User Experience,Nick,Ibanez,ACCEPTED
2014/08/07 23:45:49 UTC,User Experience,Theresa,Rogers,ACCEPTED
2014/07/31 05:02:03 UTC,JavaScript,Nick,Ibanez,ACCEPTED
2014/07/15 03:35:33 UTC,JavaScript,Tod,Urban Jr,ACCEPTED
2014/07/09 05:06:27 UTC,CSS,Tod,Urban Jr,ACCEPTED
2014/06/30 18:12:47 UTC,HTML 5,Eric Brian,Smith,ACCEPTED
2014/06/29 00:38:53 UTC,CSS,Abhinav,Jha,ACCEPTED
2014/06/29 00:38:46 UTC,User Experience,Abhinav,Jha,ACCEPTED
2014/06/21 01:28:36 UTC,CSS,Admas,Molla,ACCEPTED
2014/06/02 14:28:40 UTC,CSS,Darren,Cox,ACCEPTED
2014/05/29 01:53:03 UTC,CSS,Nick,Ibanez,ACCEPTED
2014/04/25 17:00:34 UTC,User Experience,Danny,Chahla,ACCEPTED
2014/03/22 16:32:25 UTC,HTML 5,Pete,Cundy  CPIM,ACCEPTED
2014/03/22 16:27:56 UTC,User Experience,Pete,Cundy  CPIM,ACCEPTED
2014/03/22 16:15:14 UTC,CSS,Pete,Cundy  CPIM,ACCEPTED
2014/03/05 03:39:04 UTC,Web Development,Melanie,Ahlquist,ACCEPTED
2014/03/05 03:39:04 UTC,CSS,Melanie,Ahlquist,ACCEPTED
2014/03/05 03:39:04 UTC,Facebook,Melanie,Ahlquist,ACCEPTED
2014/03/05 03:39:04 UTC,HTML 5,Melanie,Ahlquist,ACCEPTED
2014/03/05 03:39:04 UTC,JavaScript,Melanie,Ahlquist,ACCEPTED
2014/01/27 17:22:42 UTC,Node.js,Kassidy,"Huynh, SHRM-PMQ",ACCEPTED
2014/01/27 17:22:42 UTC,JavaScript,Kassidy,"Huynh, SHRM-PMQ",ACCEPTED
2014/01/27 17:22:42 UTC,Web Development,Kassidy,"Huynh, SHRM-PMQ",ACCEPTED
2014/01/27 17:22:42 UTC,HTML 5,Kassidy,"Huynh, SHRM-PMQ",ACCEPTED
2014/01/27 17:22:42 UTC,CSS,Kassidy,"Huynh, SHRM-PMQ",ACCEPTED
2013/12/05 22:06:56 UTC,CSS,Elisha,Vukovic,ACCEPTED
2013/11/12 20:07:32 UTC,Open Source,Derek,Rhode,ACCEPTED
2013/10/06 17:14:52 UTC,User Experience,Brandon,Monson,ACCEPTED
2013/09/30 22:25:49 UTC,CSS,Zach,Smith,ACCEPTED
2013/09/30 20:42:05 UTC,Web Development,Brandon,Monson,ACCEPTED
2013/09/30 20:42:05 UTC,CSS,Brandon,Monson,ACCEPTED
2013/09/30 20:42:05 UTC,HTML 5,Brandon,Monson,ACCEPTED
2013/09/30 20:42:05 UTC,JavaScript,Brandon,Monson,ACCEPTED
2013/09/30 20:42:05 UTC,Node.js,Brandon,Monson,ACCEPTED
2013/09/06 14:07:00 UTC,HTML 5,Danny,Chahla,ACCEPTED
2013/09/03 22:50:23 UTC,Open Source,Ethan,Brinkman,ACCEPTED
2013/09/03 22:49:58 UTC,CSS,Ethan,Brinkman,ACCEPTED
2013/08/22 15:22:13 UTC,JavaScript,Joel,Howard,ACCEPTED
2013/08/14 19:55:43 UTC,jQuery,Joel,Howard,ACCEPTED
2013/07/24 04:12:09 UTC,CSS,Ben,Tollefson,ACCEPTED
2013/07/19 16:00:28 UTC,HTML 5,Joel,Howard,ACCEPTED
2013/07/16 13:18:40 UTC,HTML 5,Tod,Urban Jr,ACCEPTED
2013/06/19 15:52:26 UTC,JavaScript,Adam,Crabtree,ACCEPTED
2013/06/18 20:17:43 UTC,CSS,Joel,Howard,ACCEPTED
2013/06/13 15:36:48 UTC,Start-ups,Kenneth James,Hamer,ACCEPTED
2013/06/12 15:27:06 UTC,HTML 5,Kenneth James,Hamer,ACCEPTED
2013/06/12 15:26:45 UTC,Node.js,Kenneth James,Hamer,ACCEPTED
2013/06/11 15:53:35 UTC,User Experience,Kenneth James,Hamer,ACCEPTED
2013/06/07 15:36:36 UTC,CSS,Kenneth James,Hamer,ACCEPTED
2013/06/07 15:35:21 UTC,JavaScript,Kenneth James,Hamer,ACCEPTED
2013/06/05 00:54:13 UTC,Integration,Alden,Rhode,ACCEPTED
2013/06/05 00:54:13 UTC,Facebook,Alden,Rhode,ACCEPTED
2013/06/05 00:54:13 UTC,Mobile Applications,Alden,Rhode,ACCEPTED
2013/06/05 00:54:13 UTC,Open Source,Alden,Rhode,ACCEPTED
2013/06/05 00:54:13 UTC,jQuery,Alden,Rhode,ACCEPTED
2013/06/05 00:49:47 UTC,User Experience,Alden,Rhode,ACCEPTED
2013/06/05 00:49:47 UTC,Web Development,Alden,Rhode,ACCEPTED
2013/06/05 00:49:47 UTC,Entrepreneurship,Alden,Rhode,ACCEPTED
2013/06/05 00:49:45 UTC,HTML,Alden,Rhode,ACCEPTED
2013/06/05 00:49:45 UTC,Social Media,Alden,Rhode,ACCEPTED
2013/06/05 00:49:17 UTC,Start-ups,Alden,Rhode,ACCEPTED
2013/06/05 00:49:17 UTC,Node.js,Alden,Rhode,ACCEPTED
2013/06/05 00:49:17 UTC,HTML 5,Alden,Rhode,ACCEPTED
2013/06/05 00:49:17 UTC,JavaScript,Alden,Rhode,ACCEPTED
2013/06/05 00:49:17 UTC,CSS,Alden,Rhode,ACCEPTED
2013/05/29 16:30:08 UTC,Social Media,David J.,Granlund,ACCEPTED
2013/05/29 16:29:46 UTC,CSS,David J.,Granlund,ACCEPTED
2013/05/17 18:03:48 UTC,HTML 5,David J.,Granlund,ACCEPTED
2013/05/17 17:53:07 UTC,JavaScript,David J.,Granlund,ACCEPTED
2013/04/22 17:10:46 UTC,HTML,Tod,Urban Jr,ACCEPTED
2013/04/21 14:50:42 UTC,HTML 5,KiN,Rogers,ACCEPTED
2013/04/18 17:24:53 UTC,Git,Sergey,Lossev,ACCEPTED
2013/04/18 17:24:53 UTC,Mobile Applications,Sergey,Lossev,ACCEPTED
2013/04/10 18:14:39 UTC,HTML,Grant,Chandler,ACCEPTED
2013/04/10 18:14:39 UTC,Start-ups,Grant,Chandler,ACCEPTED
2013/04/10 18:14:39 UTC,Web Development,Grant,Chandler,ACCEPTED
2013/04/10 18:14:39 UTC,Node.js,Grant,Chandler,ACCEPTED
2013/04/10 18:14:39 UTC,HTML 5,Grant,Chandler,ACCEPTED
2013/04/05 13:57:02 UTC,Node.js,David J.,Granlund,ACCEPTED
2013/03/25 16:18:12 UTC,Web Design,Derek,Rhode,ACCEPTED
2013/03/25 16:18:11 UTC,CSS3,Derek,Rhode,ACCEPTED
2013/03/25 16:18:11 UTC,User Experience,Derek,Rhode,ACCEPTED
2013/02/10 00:55:23 UTC,HTML,Diana,Park,ACCEPTED
2013/02/10 00:55:10 UTC,Node.js,Diana,Park,ACCEPTED
2013/02/10 00:55:08 UTC,CSS,Diana,Park,ACCEPTED
2013/02/10 00:55:07 UTC,HTML 5,Diana,Park,ACCEPTED
2013/02/10 00:55:07 UTC,Web Development,Diana,Park,ACCEPTED
2013/02/10 00:55:05 UTC,JavaScript,Diana,Park,ACCEPTED
2013/02/09 22:32:24 UTC,Node.js,Brandon,L,ACCEPTED
2013/02/09 22:32:24 UTC,Web Development,Brandon,L,ACCEPTED
2013/02/09 22:32:24 UTC,HTML,Brandon,L,ACCEPTED
2013/02/09 22:32:24 UTC,CSS,Brandon,L,ACCEPTED
2013/02/09 22:32:24 UTC,JavaScript,Brandon,L,ACCEPTED
2013/02/07 17:46:08 UTC,Node.js,Eric,Wendelin,ACCEPTED
2013/02/07 17:46:08 UTC,Web Development,Eric,Wendelin,ACCEPTED
2013/02/07 17:46:08 UTC,CSS,Eric,Wendelin,ACCEPTED
2013/02/07 17:46:08 UTC,JavaScript,Eric,Wendelin,ACCEPTED
2013/02/07 17:46:08 UTC,HTML 5,Eric,Wendelin,ACCEPTED
2013/01/29 19:58:01 UTC,Social Media,Nathan,Charbonneau,ACCEPTED
2013/01/29 16:05:47 UTC,HTML 5,Molly,Augustin,ACCEPTED
2012/12/29 22:08:43 UTC,Web Development,Ehsun,Angadjivand,ACCEPTED
2012/12/24 23:36:13 UTC,JavaScript,Ravi,Chityala,ACCEPTED
2012/12/21 00:29:32 UTC,HTML,Sergey,Lossev,ACCEPTED
2012/12/21 00:29:32 UTC,Node.js,Sergey,Lossev,ACCEPTED
2012/12/21 00:29:32 UTC,HTML 5,Sergey,Lossev,ACCEPTED
2012/12/21 00:29:32 UTC,Social Media,Sergey,Lossev,ACCEPTED
2012/12/13 02:22:33 UTC,HTML 5,Cassie,"Evancevich, CPA",ACCEPTED
2012/12/13 02:22:33 UTC,JavaScript,Cassie,"Evancevich, CPA",ACCEPTED
2012/11/17 00:16:30 UTC,HTML 5,Vlad,Kachur,ACCEPTED
2012/11/05 18:18:54 UTC,HTML 5,Derek,Rhode,ACCEPTED
2012/11/05 18:17:49 UTC,HTML,Derek,Rhode,ACCEPTED
2012/11/05 18:15:25 UTC,Start-ups,Derek,Rhode,ACCEPTED
2012/11/05 18:14:17 UTC,Entrepreneurship,Derek,Rhode,ACCEPTED
2012/10/30 18:33:13 UTC,CSS,Derek,Rhode,ACCEPTED
2012/10/30 18:32:56 UTC,Web Development,Derek,Rhode,ACCEPTED
2012/10/30 18:32:47 UTC,Social Media,Derek,Rhode,ACCEPTED
2012/10/30 18:32:00 UTC,Node.js,Derek,Rhode,ACCEPTED
2012/10/30 18:31:52 UTC,JavaScript,Derek,Rhode,ACCEPTED
2012/10/24 14:32:54 UTC,CSS,Grant,Chandler,ACCEPTED
2012/10/17 13:08:58 UTC,JavaScript,Grant,Chandler,ACCEPTED
2012/10/17 00:39:48 UTC,Web Development,McIsiah,"Kendema, CSM",ACCEPTED
2012/10/17 00:39:48 UTC,Entrepreneurship,McIsiah,"Kendema, CSM",ACCEPTED
2012/10/03 02:24:44 UTC,CSS,Sergey,Lossev,ACCEPTED
2012/10/03 02:24:44 UTC,Web Development,Sergey,Lossev,ACCEPTED
2012/10/03 02:24:44 UTC,JavaScript,Sergey,Lossev,ACCEPTED
2012/10/03 02:24:44 UTC,Start-ups,Sergey,Lossev,ACCEPTED
2012/10/03 02:24:44 UTC,Entrepreneurship,Sergey,Lossev,ACCEPTED
2012/10/02 15:56:44 UTC,JavaScript,✪ (Irv) Irving,Briscoe,ACCEPTED
2012/09/27 23:16:30 UTC,JavaScript,LoRetta,Seppi,ACCEPTED
2012/09/27 23:16:29 UTC,Start-ups,LoRetta,Seppi,ACCEPTED
2012/09/27 23:16:29 UTC,Entrepreneur,LoRetta,Seppi,ACCEPTED
2012/09/27 23:16:28 UTC,Web Development,LoRetta,Seppi,ACCEPTED
2012/09/27 23:16:28 UTC,CSS,LoRetta,Seppi,ACCEPTED
2012/09/27 23:16:26 UTC,Social Media,LoRetta,Seppi,ACCEPTED
