Endorsement Date,Skill Name,Endorsee First Name,Endorsee Last Name,Endorsement Status
2014/11/25 09:21:26 UTC,JavaScript,Adam,Mork,ACCEPTED
2014/11/25 09:21:08 UTC,Python,Jeremy,Klein,ACCEPTED
2013/11/27 17:31:22 UTC,User Experience,Adam,Mork,ACCEPTED
2013/11/27 17:31:21 UTC,Management,Alex,Reilly,PENDING
2013/11/27 17:31:19 UTC,Ruby on Rails,Robert Joon,Kim,ACCEPTED
2013/11/27 17:31:16 UTC,Public Relations,Elisha,Vukovic,ACCEPTED
2013/11/27 17:31:10 UTC,Strategy,Russell,Klusas,ACCEPTED
2013/11/27 17:31:06 UTC,Operations Management,Christopher,Ellefson,ACCEPTED
2013/11/27 17:31:02 UTC,Entertainment,David J.,Granlund,ACCEPTED
2013/11/27 17:31:00 UTC,Technical Recruiting,Adam,Smith,ACCEPTED
2013/11/27 17:30:58 UTC,Start-ups,Mary Sunshine,Luna,ACCEPTED
2013/11/27 17:30:56 UTC,Analytics,Russell,Klusas,ACCEPTED
2013/11/27 17:30:55 UTC,Entrepreneurship,Russell,Klusas,ACCEPTED
2013/11/27 17:30:53 UTC,Distributed Systems,Greg,Lindahl,ACCEPTED
2013/08/30 16:25:54 UTC,Java,Admas,Molla,ACCEPTED
2013/08/30 16:25:43 UTC,Sales,David J.,Granlund,ACCEPTED
2013/08/30 16:25:41 UTC,SEM,Jon,Coudron,ACCEPTED
2013/08/30 16:25:35 UTC,E-commerce,Rahul,Vohra,ACCEPTED
2013/08/30 16:25:19 UTC,Marketing Communications,Elisha,Vukovic,ACCEPTED
2013/08/30 16:25:19 UTC,Mobile Marketing,Elisha,Vukovic,ACCEPTED
2013/08/30 16:25:19 UTC,Social Media,Elisha,Vukovic,ACCEPTED
2013/08/30 16:25:19 UTC,Social Media Marketing,Elisha,Vukovic,ACCEPTED
2013/08/30 16:25:19 UTC,Social Networking,Elisha,Vukovic,ACCEPTED
2013/08/22 03:23:57 UTC,JavaScript,William,Tran,ACCEPTED
2013/08/22 03:23:55 UTC,Entrepreneurship,Clint,Nelsen,ACCEPTED
2013/08/22 03:23:52 UTC,Start-ups,Russell,Klusas,ACCEPTED
2013/08/22 03:23:50 UTC,REST,Eric,Wendelin,ACCEPTED
2013/02/08 03:01:03 UTC,Entrepreneurship,Andy,"Grengs, EA",ACCEPTED
2013/02/07 19:38:12 UTC,Microsoft Excel,Dylan,Ale,ACCEPTED
2013/02/07 19:38:00 UTC,HTML,Admas,Molla,ACCEPTED
2013/02/07 19:37:53 UTC,MongoDB,Eric,Wendelin,ACCEPTED
2013/02/07 19:37:53 UTC,Ruby,Eric,Wendelin,ACCEPTED
2013/02/07 19:37:53 UTC,HTML 5,Eric,Wendelin,ACCEPTED
2013/02/07 19:37:53 UTC,CSS,Eric,Wendelin,ACCEPTED
2013/02/07 19:37:53 UTC,JavaScript,Eric,Wendelin,ACCEPTED
2012/11/22 19:54:28 UTC,Start-ups,Jon,Coudron,ACCEPTED
2012/11/22 19:54:15 UTC,Start-ups,Scott,Davis,ACCEPTED
2012/11/22 19:53:11 UTC,Public Speaking,David J.,Granlund,ACCEPTED
2012/11/22 19:53:07 UTC,Start-ups,Ryan,Reilly,ACCEPTED
2012/11/22 19:53:01 UTC,Entrepreneurship,Solome,Tibebu,ACCEPTED
2012/11/22 19:52:59 UTC,Start-ups,Ryan,Freed,ACCEPTED
2012/11/22 19:52:55 UTC,Event Planning,Casey,Hart,ACCEPTED
2012/11/22 19:52:40 UTC,APIs,John,Sheehan,ACCEPTED
2012/11/22 19:52:33 UTC,Start-ups,Cem,Erdem,ACCEPTED
2012/11/22 19:52:30 UTC,Entrepreneurship,Casey,Allen,ACCEPTED
2012/11/22 19:52:28 UTC,Entrepreneurship,Tristan,Kromer,ACCEPTED
2012/11/22 19:52:25 UTC,JavaScript,Admas,Molla,ACCEPTED
2012/11/22 19:52:22 UTC,Product Management,Russell,Klusas,ACCEPTED
2012/10/16 19:42:46 UTC,Start-ups,Tristan,Kromer,ACCEPTED
2012/10/16 19:42:43 UTC,Entrepreneurship,Cem,Erdem,ACCEPTED
2012/10/16 19:42:40 UTC,Start-ups,Casey,Allen,ACCEPTED
2012/10/16 19:42:39 UTC,Networking,Mary Sunshine,Luna,ACCEPTED
2012/10/16 19:42:36 UTC,CSS,Ben,Damman,ACCEPTED
2012/10/16 06:28:38 UTC,Android,Brandon,L,ACCEPTED
2012/10/16 06:28:33 UTC,AJAX,Brandon,L,ACCEPTED
2012/10/16 06:28:26 UTC,CSS,Brandon,L,ACCEPTED
2012/10/16 06:28:24 UTC,XML,Brandon,L,ACCEPTED
2012/10/16 06:28:22 UTC,HTML 5,Brandon,L,ACCEPTED
2012/10/16 06:28:21 UTC,HTML,Brandon,L,ACCEPTED
2012/10/16 06:28:20 UTC,MySQL,Brandon,L,ACCEPTED
2012/10/16 06:28:19 UTC,JavaScript,Brandon,L,ACCEPTED
2012/10/16 06:28:18 UTC,PHP,Brandon,L,ACCEPTED
2012/10/16 06:28:17 UTC,Java,Brandon,L,ACCEPTED
2012/10/16 06:28:14 UTC,C++,Brandon,L,ACCEPTED
2012/10/02 21:50:52 UTC,Grails,Spencer,Hartberg,ACCEPTED
2012/10/02 21:50:48 UTC,Business Development,Alex,Reilly,ACCEPTED
2012/10/02 21:50:47 UTC,Business Strategy,Ben,Tollefson,ACCEPTED
2012/10/02 21:50:45 UTC,Entrepreneurship,James W.,Anderson,ACCEPTED
2012/10/02 21:50:43 UTC,Small Business,Andy,"Grengs, EA",ACCEPTED
2012/10/02 21:50:41 UTC,Market Planning,Ben,Tollefson,ACCEPTED
2012/10/02 21:50:39 UTC,Start-ups,Yuri G.,Rabinovich,ACCEPTED
2012/10/02 21:50:37 UTC,Business Strategy,Russell,Klusas,ACCEPTED
2012/10/02 21:50:35 UTC,Start-ups,Sam,Kovar,ACCEPTED
2012/10/02 21:50:33 UTC,Entrepreneurship,Ryan,Reilly,ACCEPTED
2012/10/02 21:50:31 UTC,Start-ups,Harvey A.,"Andruss, MBA",ACCEPTED
2012/10/02 21:50:27 UTC,Microsoft Word,Tod,Urban Jr,ACCEPTED
2012/10/02 21:50:21 UTC,Entrepreneurship,McIsiah,"Kendema, CSM",ACCEPTED
2012/10/02 21:50:03 UTC,Technical Recruiting,Mary Sunshine,Luna,ACCEPTED
2012/10/02 21:50:00 UTC,CSS,Russell,Klusas,ACCEPTED
2012/10/02 21:49:48 UTC,Web Development,Rahul,Vohra,ACCEPTED
2012/10/02 21:49:48 UTC,Entrepreneurship,Rahul,Vohra,ACCEPTED
2012/10/02 21:49:48 UTC,Start-ups,Rahul,Vohra,ACCEPTED
2012/10/02 21:49:48 UTC,JavaScript,Rahul,Vohra,ACCEPTED
