From,To,Sent At,Message,Direction
Devin Rhode,Pete Mitchell,"11/9/22, 7:00 PM",,OUTGOING
Devin Rhode,Johnston Buell,"11/2/22, 9:09 PM",,OUTGOING
Devin Rhode,Akbar Khan,"11/2/22, 9:06 PM",,OUTGOING
Devin Rhode,Jesus Anaya,"10/24/22, 9:48 PM",,OUTGOING
Devin Rhode,Jesse Mauro,"10/24/22, 1:20 PM","Hey Jesse - heard from Hugo that you may be reaching out today. Just wanted to say hi! My resume is a tad outdated, but I updated LinkedIn yesterday. Welcome Homes is cool, and I'd love to make it sick! https://GitHub.com/DevinRhode2 https://stackoverflow.com/users/565877/devin-rhode",OUTGOING
Devin Rhode,Anoop Ranganath,"10/21/22, 1:37 PM",,OUTGOING
Devin Rhode,Jim Choi,"10/21/22, 1:08 PM",,OUTGOING
Devin Rhode,Stephanie Lee Huang,"10/20/22, 9:43 AM",,OUTGOING
Devin Rhode,Lisa Ohnstad,"10/19/22, 10:27 AM",,OUTGOING
Devin Rhode,Keenan Bailles,"10/19/22, 10:27 AM",,OUTGOING
Devin Rhode,Michael Ramirez,"10/19/22, 10:27 AM",,OUTGOING
Devin Rhode,Joel Schlundt,"10/19/22, 10:27 AM",,OUTGOING
Devin Rhode,Trevor McElhaney,"10/19/22, 10:26 AM",,OUTGOING
Devin Rhode,Wenzhi Wang,"10/19/22, 10:26 AM",,OUTGOING
Devin Rhode,Amber Ronzani,"10/19/22, 10:26 AM",,OUTGOING
Devin Rhode,Zachery Hostens,"10/19/22, 10:25 AM",,OUTGOING
Devin Rhode,Farrah Abdullah,"10/19/22, 10:25 AM",,OUTGOING
Devin Rhode,Caitlin McGraw,"10/19/22, 7:48 AM",,OUTGOING
Devin Rhode,Melayna Currie,"10/19/22, 7:48 AM",,OUTGOING
Devin Rhode,Andrew Strovers,"10/16/22, 8:42 AM",,OUTGOING
Devin Rhode,Sierra Serrette,"10/14/22, 7:14 AM",,OUTGOING
Devin Rhode,Katia Olivera,"10/14/22, 7:13 AM",,OUTGOING
Devin Rhode,Joshua Gaastra,"10/14/22, 7:13 AM",,OUTGOING
Devin Rhode,Emily Wilhelm,"10/14/22, 7:13 AM",,OUTGOING
Devin Rhode,Megan Dumas,"10/14/22, 7:13 AM",,OUTGOING
Devin Rhode,Martin Payne,"10/14/22, 7:12 AM",,OUTGOING
Devin Rhode,Erich Hugunin,"10/14/22, 7:12 AM",,OUTGOING
Devin Rhode,Cary Delbridge,"10/14/22, 7:12 AM",,OUTGOING
Devin Rhode,JF Lalonde,"10/14/22, 7:11 AM",,OUTGOING
Devin Rhode,🔸 Maddie Jones 🔸,"10/14/22, 7:10 AM",,OUTGOING
Devin Rhode,Saundra Catalina,"10/14/22, 7:10 AM",,OUTGOING
Devin Rhode,Luke Mason,"10/14/22, 7:09 AM",,OUTGOING
Devin Rhode,Tay DeHerrera,"10/14/22, 7:08 AM",,OUTGOING
Devin Rhode,Jeff Golden,"10/14/22, 7:09 AM",,OUTGOING
Devin Rhode,Jeremiah Stanley,"10/14/22, 7:09 AM",,OUTGOING
Devin Rhode,Julie Garst,"10/14/22, 7:09 AM",,OUTGOING
Devin Rhode,Jason Taylor,"10/14/22, 7:08 AM",,OUTGOING
Devin Rhode,Paul Sadauskas,"10/14/22, 7:08 AM",,OUTGOING
Devin Rhode,Peter Spethmann,"9/12/22, 7:48 AM",,OUTGOING
Devin Rhode,Michael Powell,"8/16/22, 5:28 PM","I may have noticed a security issue. Applying for a card inside of the Credit Karma app on latest iOS/iPhone 13 mini, I saw this email field was pre-populated with ""j****4@comcast.net"" https://photos.app.goo.gl/FLJRXSvZ8G3RpLXa6",OUTGOING
Devin Rhode,Rohit P.,"8/16/22, 5:27 PM","I may have noticed a security issue. Applying for a card inside of the Credit Karma app on latest iOS/iPhone 13 mini, I saw this email field was pre-populated with ""j****4@comcast.net"" https://photos.app.goo.gl/FLJRXSvZ8G3RpLXa6",OUTGOING
Devin Rhode,Clark H.,"8/16/22, 5:27 PM","Hey so I may have noticed a security issue. Applying for a card inside of the credit card app on latest iOS/iPhone 13 mini, I saw this email field was pre-populated with ""j****4@comcast.net"" https://photos.app.goo.gl/FLJRXSvZ8G3RpLXa6",OUTGOING
Devin Rhode,John Sprunger,"8/16/22, 5:27 PM","Hey so I may have noticed a security issue. Applying for a card inside of the credit card app on latest iOS/iPhone 13 mini, I saw this email field was pre-populated with ""j****4@comcast.net""",OUTGOING
Devin Rhode,Svetoslav (Sunny) Milenov,"6/16/22, 7:41 PM",,OUTGOING
Devin Rhode,Troy Dalldorf,"6/16/22, 7:40 PM",,OUTGOING
Devin Rhode,Ramiro Beltran,"6/16/22, 9:49 AM","Hey Ram! Sad to see you leaving on my first day, but I'm sure it's just passing the torch :) ",OUTGOING
Mikhail Shin,Devin Rhode,"12/7/22, 2:25 PM","Hey Devin,  I'm sorry for what happened but it's not me who decides it, I was not asked for the feedback, was notified just before your meeting.  I really think you're very strong dev and I'm sure you'll find a good position. If you need recommendations I'd happy to do this.   Mikhail",INCOMING
Vinay Ajmani,Devin Rhode,"12/6/22, 10:12 AM",,INCOMING
Dora Mourot,Devin Rhode,"12/5/22, 5:36 AM","Hello Devin ! Beau profil, belles références ! On est en quête de profils comme le tien pour rejoindre notre communauté. 😊 Je t'invite à rejoindre notre réseau de freelances : https://freelance.legratin.io/onboarding Si t'es en mission, tu pourras renseigner ta dispo 😉 À très vite.",INCOMING
Joe Moriarty,Devin Rhode,"12/2/22, 12:53 PM",,INCOMING
Jen Dalton,Devin Rhode,"11/23/22, 7:57 AM",,INCOMING
⭐️ Todd Westra ⭐️,Devin Rhode,"11/16/22, 10:56 AM",,INCOMING
JJ Nguyen,Devin Rhode,"11/15/22, 11:24 AM",Hey Devin! Lance Pollard mentioned we should chat :-) we're looking for a software engineer at Makelog and was wondering if you'd be open to learning more? -JJ,INCOMING
Pete Mitchell,Devin Rhode,"11/9/22, 8:26 AM","Hi Devin, Let's connect here. Pete",INCOMING
Tejpal Singh,Devin Rhode,"11/2/22, 3:51 PM",,INCOMING
Zach Gardner,Devin Rhode,"11/1/22, 10:17 AM",🙋‍♂️ saw you were RSVP'ed at last week's JS Minneapolis meetup. Sounds like you do some interesting stuff for TextUs. Always looking to connect with like minded folks :),INCOMING
Steven Li,Devin Rhode,"10/31/22, 11:16 AM",,INCOMING
Richard Schaff,Devin Rhode,"10/27/22, 12:52 PM","Know any Web Apps Developers seeking a new FT position. Location is far west suburbs of the Twin Cities, 1-3+ years’ exp. with front and back-end coding, Experience/exposure to PHP, SQL/MySQL, JavaScript, jQuery, CSS, and HTML is required. Flexible and hybrid work schedules available.",INCOMING
Dylan Cole,Devin Rhode,"10/25/22, 7:19 AM",,INCOMING
Ginny Root,Devin Rhode,"10/24/22, 6:21 AM",,INCOMING
Robert Speer,Devin Rhode,"10/19/22, 2:56 PM",,INCOMING
sandeep vicky,Devin Rhode,"10/19/22, 4:18 AM","We are hiring for below Remote Multiple Roles: 1) Remote React Developer, Florida (React, Redux) 2) Remote Fullstack Developer, Florida (React, Node.js)",INCOMING
Michael Galas,Devin Rhode,"10/17/22, 6:05 PM",,INCOMING
Heather Forney (Percell),Devin Rhode,"10/10/22, 6:06 PM",,INCOMING
Michael Robinson,Devin Rhode,"10/10/22, 1:30 PM",,INCOMING
Dumitru Balanel,Devin Rhode,"9/29/22, 1:05 AM",,INCOMING
Masao Ishikawa,Devin Rhode,"9/28/22, 7:06 PM",,INCOMING
Mohit Kumar Singh,Devin Rhode,"9/28/22, 10:08 AM","Direct End Client - 100% Remote Hi David,  We are seeking a Sr. Software Engineer (React - Node.js) for a (Glendale, AZ) remote Long term contract role. CSAA/AAA Insurance. Let me know if you are interested in hearing more.  Thanks Mohit Singh",INCOMING
Vishesh T,Devin Rhode,"9/27/22, 9:08 AM",,INCOMING
Yassine Fazri,Devin Rhode,"9/26/22, 12:04 PM",,INCOMING
Abhay Prasad,Devin Rhode,"9/23/22, 3:15 PM","Hi Devin, It was indeed a pleasure talking to you. It's Abhay from Talent Software. We have multiple jobs for Java Developers ( Full Stack, Back End and Front End) in Twin Cities. Text me If you are Interested & Available. 952-417-3683 or email-abhayprasad@talentemail.com ",INCOMING
Happy Verma,Devin Rhode,"9/20/22, 10:15 PM",,INCOMING
Aakriti Bhatta,Devin Rhode,"9/20/22, 12:09 PM",,INCOMING
Chris Blakey,Devin Rhode,"9/8/22, 10:45 AM",,INCOMING
Andre Anderson,Devin Rhode,"9/7/22, 10:53 AM","Hey Devin, just sent details via email for a Sr. Frontend Engineer and Lead Frontend Engineer remote opportunities with a great HealthTech startup company. If you'd like to learn more, please let me know and we can connect and discuss these opportunities further.  Thanks, Andre ",INCOMING
Rama Krishnan,Devin Rhode,"9/7/22, 7:41 AM",,INCOMING
Matt Rausenberger,Devin Rhode,"9/6/22, 8:19 AM",,INCOMING
"Lloyd Hamilton, MBA.",Devin Rhode,"9/6/22, 7:55 AM",Working with a client that is seeking a Software Developer to join their team. This is a full time direct hire opportunity. $150K plus 5 percent annual bonus. Full Remote. Must be extremely strong with JavaScript and TypeScript with at least a year of angular experience. Client is in  Bio/Pharma ,INCOMING
Depensee M,Devin Rhode,"9/2/22, 10:50 AM","Hi Devin, We are looking for Senior Typescript and Python developer: Please let me know your interest. ASAP  Regards, Depensee",INCOMING
James Ly,Devin Rhode,"8/31/22, 7:13 AM",,INCOMING
Marc Barbeau,Devin Rhode,"8/30/22, 3:05 PM",,INCOMING
Afia Parveen,Devin Rhode,"8/30/22, 9:08 AM","Hi i would like to connect with you regarding a job opportunity for senior fullstack developer with our client based in USA offering remote job. If you are interested kindly connect with me for further process. Regards, Afia",INCOMING
Mustaf Abtidon,Devin Rhode,"8/26/22, 8:26 PM",,INCOMING
Anand G,Devin Rhode,"8/22/22, 7:35 AM",Hi This is Anand from We are looking for a Senior React developer(Full Remote) for one of our clients. Salary/Payrate is Negotiable. Please let me know your Interest.,INCOMING
Sergey Bondarenko,Devin Rhode,"8/21/22, 11:53 PM",,INCOMING
Gaurav Bhardwaj,Devin Rhode,"8/19/22, 1:32 PM","Hello ,  Hope you are doing great.I am working for the position of ReactJS Developer on Full-Time at Hartford, CT.I found your profile interesting. Kindly share your resume to ""gaurav.bhardwaj@edoorsinc.com"", if you are looking for the new role. 		 Thanks&Regards Gaurav Bhardwaj Edoors Inc.",INCOMING
Laxmi Tolia,Devin Rhode,"8/18/22, 2:02 PM","Hello, Hope you are doing great. This is Laxmi Tolia from Edoorsinc.  I am trying to reach you for a Full Time Job Opportunity  React Developer at Hartford, CT/Irving, TX(Remote For 1 to 2 Months). Please share your updated resume at Laxmi.Tolia@edoorsinc.com/+1 2073898032/+1-6312300251 EXT–690.  ",INCOMING
Suraj Chaturvedi,Devin Rhode,"8/18/22, 10:47 AM","Hello Devin   Hope you're doing great! I have a Full-time job opportunity for you as React Developer at CT,TX(Remote for 2 Months). waiting for your response please!  Suraj Chaturvedi  US IT Recruiter- EDOORS INC +1-6312300251 EXT697  suraj.chaturvedi@edoors.com ",INCOMING
Ralph  Robyn ,Devin Rhode,"8/15/22, 3:54 PM",,INCOMING
"Jonny Watson, MBA",Devin Rhode,"8/9/22, 5:24 PM",,INCOMING
Jake Tomkins,Devin Rhode,"8/8/22, 5:30 AM",,INCOMING
Lodovico	 Winship,Devin Rhode,"8/3/22, 8:15 AM",Hi there. Hope you're doing well. I'd like to discuss a business contract. let me know if you have some time to discuss more. Thanks.,INCOMING
Grahm Gonzalez,Devin Rhode,"8/1/22, 1:10 PM",,INCOMING
Will Sutor,Devin Rhode,"7/31/22, 12:18 PM",,INCOMING
Zachary Weiker,Devin Rhode,"7/31/22, 5:59 AM",,INCOMING
Amy Trast Pelant,Devin Rhode,"7/29/22, 5:18 AM",,INCOMING
Josh Teicher,Devin Rhode,"7/26/22, 7:21 PM",,INCOMING
Rajneesh Singh,Devin Rhode,"7/24/22, 11:15 AM",,INCOMING
William Kearney,Devin Rhode,"7/21/22, 6:37 AM",,INCOMING
Bhargav Addanki,Devin Rhode,"7/18/22, 11:04 AM","Hi, Iam Bhargav, . Technical Recruiter at Martin Street Inc. We have an Immediate Requirement on Nodejs Developer with one our clients. If this is something interests you, Please share me your updated resume ASAP to bhargav@martinstreetinc.com or I would like to explain more over a call 469-780-8744",INCOMING
Brooke Henry,Devin Rhode,"7/18/22, 6:13 AM",,INCOMING
SHUBHAM PAWAR,Devin Rhode,"7/5/22, 8:18 AM",,INCOMING
Aasim Khan,Devin Rhode,"7/5/22, 5:12 AM",,INCOMING
Pratap Naga,Devin Rhode,"6/29/22, 8:53 AM",,INCOMING
Marquís Morris,Devin Rhode,"6/27/22, 6:10 PM","Hey Devin, it's Marquis- the persistent (or annoying haha) sourcer who has been messaging you about the Senior Front End Developer position.  Just in case my messages got buried or went to spam... Any interest? If not, I'd love to connect anyways 😃",INCOMING
Norman Cheng,Devin Rhode,"6/27/22, 10:12 AM",,INCOMING
Ben Winston,Devin Rhode,"6/22/22, 4:52 PM","Hi Devin, We're an all-engineer team that's built an automated bar. We're Preseed, backed by founders of Wag! And Grubhub, and have signed a pilot with a major sports stadium. We're looking for a JS engineer to join our team part time for stock, transitioning to a full time role as we raise.",INCOMING
Logan Wang,Devin Rhode,"6/21/22, 1:56 PM","Hi. Nice to meet you. I am a fullstack web developer with rich experience in frontend web development. Now I am looking for a fully remote job. Could you let me know if you have any room for me, please? Best regards.",INCOMING
Alexia Collins,Devin Rhode,"6/21/22, 11:46 AM",,INCOMING
Himani Singh,Devin Rhode,"6/17/22, 6:33 AM","Hii, I was trying to reach you regarding a job role ""UI Typescript Engineer"" with one of our client. Just wanted to check that are you available in the job market Thanks & Regards Himani Singh",INCOMING
"Arthur Kay, CISSP",Devin Rhode,"6/14/22, 5:00 AM",,INCOMING
Trey Burghardt,Devin Rhode,"6/9/22, 11:03 AM",,INCOMING
