Content Title,Content Description,Content Type,Content Last Watched Date (if viewed),Content Completed At (if completed),Content Saved,Notes taken on videos (if taken),
The Secret to Better Decisions: Stop Hoarding Chips,"All day, we make decisions—from what to have for lunch to whether or not to shut down a product line. These decisions shape our careers and haunt our dreams.
<br><br>
It turns out that people aren’t very good at making decisions, and the main reason is simple: we hoard our chips. We overvalue things we’ve built, experiences we’ve endured and assets we’ve acquired. As a result, we get stuck. Too many dead ends and too many regrets.
<br><br>
The promise of this course is simple: You and your coworkers will finally be able understand why we get stuck and what to do about it. With engaging stories and a new way to talk about the issue, Seth Godin helps you see how to stop being manipulated and start leading instead.",Course,2021-11-13 02:12 UTC,N/A,false,N/A,
Find Your Passion: How Padma Lakshmi Found Hers,"Throughout Padma Lakshmi's impressive career, she has assumed a range of roles, including model, author, and executive producer of an Emmy award-winning show: <i>Top Chef</i>. In this course, Padma digs into the life and career experiences that helped her find success. Along the way, she shares practical strategies that can help professionals of all stripes find their unique place in the world, face their fears, and seize the opportunities that come their way. Tune in to get Padma's advice for young women on how to land their dream job, as well as her thoughts on the importance of giving back to your community—both by helping to eradicate inequality and by being vulnerable about your own challenges. Plus, she shares her take on why it's essential to nurture your own health and passions throughout your journey.",Course,2022-10-14 16:01 UTC,N/A,false,N/A,
End-to-End JavaScript Testing with Cypress.io,"Learn how to set up quick, easy, and automatic JavaScript testing using Cypress.io. Cypress is a cutting-edge testing framework that makes testing JavaScript applications more frictionless. This training course is a rapid introduction to Cypress.io, covering basic and intermediate techniques for writing end-to-end test cases. Learn how to write a simple test, and then use aliases to optimize selections and beforeEach hooks to reduce repetitive code. Instructor Shaun Wassell also shows how to trigger other actions within tests, configure automatic retries, and debug any errors. The course wraps with a look at other useful Cypress commands and features, including intelligent code completion.",Course,2022-02-26 18:15 UTC,N/A,false,N/A,
Learning Bash Scripting (2021),"Bash, or the Bourne Again Shell, is a widely popular command-line interpreter for administration and programming tasks. But Bash is different than most scripting languages. That's why Scott Simpson spends some time in this course running you through the syntax—introducing variables, numbers, and control structures—so you can start writing scripts right away. He shows you how to wrap up multiline operations in one file, implement flow control, and interact with users to get input. Plus, he offers challenges along the way that allow you to put what you've learned to the test.",Course,2021-11-09 02:18 UTC,N/A,false,N/A,
Learning App Building with Vanilla JavaScript,"JavaScript libraries like jQuery and frameworks like React have a lot of benefits to offer, but performance can be a tradeoff. Removing jQuery and React can improve site speed without impacting user experience. But many developers have never learned the equivalent code in JavaScript. This course teaches you how to program the same features and functionality with vanilla JavaScript.<br><br>

Instructor Sasha Vodnik starts with an app built with jQuery and React and replaces it piece by piece with vanilla JavaScript. He removes the dependencies and shows that the app still works, conducting performance tests to compare the start and end code. Topics include replacing DOM manipulation, replacing Ajax, replacing event listeners, and replacing simple animations, like show, hide, and toggle. The end result is a pure JavaScript app that is backwards and cross-browser compatible—no libraries necessary!",Course,2020-10-06 11:33 UTC,N/A,false,N/A,
Critical Thinking for Better Judgment and Decision-Making,"The pace of change and volume of information we encounter in daily life make it hard to think through decisions. Instead, people often rely on biases and rules of thumb, which trap them into drawing faulty conclusions. The most successful teams use critical thinking—objective and rational analysis—to illuminate the wisest conclusions. This course prepares leaders to hone the critical thinking skills of their entire organization. Learn how to upgrade critical thinking to avoid deceiving fallacies, spot misleading cognitive biases, craft better arguments, hone judgment, and improve decision-making. Instructor Becki Saltzman teaches skills that will improve how your company or team innovates, tackles challenges, and responds to change.",Course,2021-03-09 19:42 UTC,N/A,false,N/A,
React: Design Patterns,"If you’ve learned the basics of React and have worked on many React applications, chances are you’ve run into some recurring problems and situations, like creating reusable layouts or working with forms. If you’ve been on the hunt for solutions to common problems, look no further than this course with Shaun Wassell, where he covers many of the most useful design patterns—effective and repeatable solutions to common application development challenges. This course consists of several sections, each of which will cover a group of React design patterns, ranging from preferred syntax for specific tasks to how to arrange components in the most effective way. Among the topics Shaun covers are composition, higher-order components, state hoisting, controlled vs. uncontrolled components, and many other patterns that help a React app develop into a well-organized codebase.",Course,2021-10-27 19:57 UTC,N/A,false,N/A,
"How to Work Smarter, Not Harder: Save Time and Money and Increase Productivity","More and more people are working from home, managing remote teams, and juggling multiple projects. The time is now to learn how to work smarter, not harder. Luckily, today’s technology makes it easier than ever to increase productivity and efficiency. This course is for anyone trying to grow their business or move ahead in their career without becoming overwhelmed. Chelsea Krost provides tangible tips, tools, and techniques to increase overall productivity and give you back precious time in the day. Learn how to embrace the mindset of successful entrepreneurs and small business owners, manage your time effectively, tackle your to-do list, leverage automation and delegation, and power up your social media, content marketing, and branding strategies to direct more attention and traffic to your business. Each tool and workflow has been tested by Chelsea and her clients—and the skills taught apply to any industry. Start watching and working smarter today.",Course,2021-01-24 02:53 UTC,N/A,false,N/A,
Node.js Essential Training,"Node.js is a powerful tool for controlling servers, building web applications, and creating event-driven programs. And it takes JavaScript—a language familiar to all web developers—out of the browser. With Node.js, you can build applications that run on your laptop or even the cloud.
In this course, learn the essentials of Node.js and start creating your own JavaScript applications. Instructor Eve Porcello covers all of the basics, showing how to install Node.js and work with the Node.js core, which includes standard input, standard output, the module system, the file system, and how to write and run JavaScript on the server. Upon wrapping up this course, you’ll be equipped with fundamental Node.js concepts and techniques that you can put to use in your next project.",Course,2022-12-09 14:05 UTC,N/A,false,N/A,
SOLIDWORKS: Modeling a Bicycle,"Cycling is more popular than ever, and many people are opting to build their own frames. Whether you love bikes and you want to build your own frame, or if you just want to practice your own SOLIDWORKS skills in a fun and practical way, join design engineer and avid cyclist Johno Ellison as he shows how to create a rigid bike frame based on real-life frame geometry. He shows how to create the frame, identify off-the-shelf parts such as handlebars, combine them into an assembly, and prepare drawings for the final product. Throughout the course, Johno shows some of the more practical aspects of bike building, as well as how they relate to SOLIDWORKS and CAD in general, giving you a great way to apply your modeling skills.",Course,2022-08-15 17:24 UTC,N/A,false,N/A,
Using SQL with Python,"Are you familiar with SQL? Do you know Python? Are you interested in understanding how these two languages work together? Then join Bill Weinman in this course as he shows the power of these two languages combined. Bill starts with some basics—connecting to a database, performing simple queries, and reading rows from a table. He covers how to use prepared statements and cursors, how to build a wrapper class to streamline the SQL interface and support multiple different database engines, and how to build a CRUD class and a full-featured web application using what you've learned. Many applications require a combination of SQL and Python, and after finishing Bill’s course, you’ll have a better understanding of why and how you can leverage the power of these two languages together.",Course,2021-12-20 16:52 UTC,N/A,false,N/A,
Software Architecture: Breaking a Monolith into Microservices,"Microservices are the increasingly popular software architecture choices when creating a new application, but what about existing applications? Does it make sense to split them up into microservices? And how would you go about breaking up monolithic applications? In this course, Daniel Khan covers effective approaches for adopting microservices, taking a high-level look at the fundamentals without getting into programming languages, container runtimes, Kubernetes, or other technical minutiae. Instead, he takes a holistic approach to give you a general understanding of the technical and organizational challenges you need to address in order to successfully re-architect your existing platforms to microservices.",Course,2021-07-02 17:38 UTC,N/A,false,N/A,
Uncovering Unconscious Bias in Recruiting and Interviewing,"<div><a href=""https://www.linkedin.com/newsletters/6772176436947238912?trk=lil-course-description"" target=""_blank"" class=""artdeco-button artdeco-button--1"">View Dr. Session's LinkedIn Newsletter</a></div><br>Despite our best efforts, bias is a contributing factor in our decision-making. Unconscious bias is even more precarious, as we are often unaware that it's a factor in our decisions. In this course, Dr. Tana M. Session walks you through how to define a number of unconscious biases, as well as how the biases can impact your decision-making and how you can combat them when recruiting and hiring qualified candidates. First, Dr. Session explains what the term “unconscious bias” means and ensures no one feels guilty about discovering their own biases. Next, Dr. Session covers several common types of unconscious bias, including confirmation bias and affinity bias. For each type, she defines the bias and shows how it might impact your decision-making. After this, Dr. Session concludes by outlining strategies to minimize bias in the recruiting and interview process, such as learning how to find diverse candidates to fill positions, use diverse panel interviews, and utilize interview scorecards.",Course,2021-11-30 00:26 UTC,N/A,false,N/A,
CONTENT METADATA NO LONGER EXISTS - urn:li:lyndaCourse:5007880,CONTENT METADATA NO LONGER EXISTS - urn:li:lyndaCourse:5007880,Course,2020-02-11 14:05 UTC,N/A,false,N/A,
Learning Personal Branding,"You are the most powerful marketing tool at your disposal. If you are starting a business, establishing your thought leadership, or trying to get ahead in your career, it's a great time to start investing in the brand of you. Learn the secrets of personal branding in this course with marketing expert Chelsea Krost. Chelsea explains how to develop your story, craft your messaging, and define your audience. Then she walks you through building your brand presence online and off, creating a calendar that will help you stay on top of social media and keep your content fresh. Plus, get tips to monetize your personal brand and land speaking engagements and guest roles.",Course,2021-05-17 13:36 UTC,N/A,false,N/A,
First Look: Python 3.9,"Python, like any modern language, is always evolving. In this course, instructor Claire Burn dives into Python 3.9, highlighting the new features, improvements, and deprecations packed into this release. Learn about the significant Python Enhancement Proposals (PEPs) included in Python 3.9, as well as how to distinguish which modules are new (and why they are notable). Discover which modules have been deprecated and why this was necessary. Plus, get tips for overcoming common challenges while porting from Python 2 to Python 3.9, or Python 3.x to Python 3.9.",Course,2021-11-02 18:09 UTC,N/A,false,N/A,
JavaScript Code Challenges,"Want to put your JavaScript skills to the test? Welcome to <i>JavaScript Code Challenges</i>! Join instructor Emma Bostian as she serves up over a dozen JavaScript tasks and walks through the solutions for each. Emma frames each challenge using real-world examples, like setting up a ticking clock in a document, filtering vegetarian dinner options from a menu, and calculating the bill from a trip to a coffee shop. Each challenge is self-contained, so you can watch them in any order, and most solutions are less than two dozen lines of code, so you can quickly learn what you need and move on to the next lesson. Whether you want to learn new ways to use JavaScript or test your existing knowledge, this course can help you sharpen your skills.",Course,2021-07-14 14:27 UTC,N/A,false,N/A,
Secure Coding in Java,"The enduring popularity of Java makes it a target for bad actors. And its prevalence in internal enterprise applications—which are vulnerable to attacks from employees with insider knowledge—renders secure coding practices even more critical. In this course, instructor Frank Moley helps advanced Java developers kick-start their secure coding journey, providing a high-level look at common attacks against Java applications, as well as how to prevent and defend against those threats. Frank discusses how to prevent SQL injection attacks, identify places where sensitive data is stored and avoid exposing it to the outside world, write code that protects the integrity of the system, and more. Along the way, he provides challenges that allow you to put your new skills to the test.",Course,2022-06-02 15:16 UTC,N/A,false,N/A,
Understanding and Supporting Asian Employees,"Underrepresented employees face unique challenges in the workplace, and understanding how to support them in these challenges is key to building a more inclusive workplace. Dr. Sarah-SoonLing Blackburn shows you how to get started. She begins with important terminology and breaks down the model minority myth. Dr. Blackburn explains why lived experiences matter in the workplace and goes over several issues that impact Asian employees at work. She points out that the Asian community is not a monolith and discusses ways to build a more meaningfully inclusive workplace culture. Dr. Blackburn covers several steps you can take to support Asian employees, such as making space for discussion and speaking up against bias. She concludes by describing how everyone has a role to play in creating inclusive workplace environments. 
<br><br>
Note: This course contains US-based examples and scenarios; however, learners around the world may still find the concepts applicable.",Course,2022-02-15 05:03 UTC,N/A,false,N/A,
After Effects 2020 New Features,"After Effects 2020 is here. Want to know how this new version will impact your motion graphics workflow? This course covers the latest upgrade, focused around the new, more powerful Content-Aware Fill. Discover how to remove an object, create a reference frame, and remove a logo on a smooth surface with this intelligent editing tool. Instructor Mark Christiansen provides practical tips to help you get the most from this forward-looking update.",Course,2020-11-29 20:43 UTC,N/A,false,N/A,
Data-Driven Decision-Making for Business Professionals,"Business professionals need to know how to use and understand data today to be successful tomorrow. Instructor Jamie Champagne covers the information, skills, and practices that you need to make smart, fast, and informed business decisions. Jamie explains why data skills are required today, how successful leadership choices depend on drawing insights from data, and how to distinguish the driving factors that require analysis skills. She shows how to identify the business problem or opportunity, break down the business problem into data requirements, and drive to prescriptive questions. Jamie also discusses how to identify current data, use data to draw conclusions, and use visuals and storytelling to share data. Plus, Jamie steps through how to present data in response to business requests, identify data gaps, and leverage data to drive business decisions.",Course,2021-01-24 02:57 UTC,N/A,false,N/A,
SQL Server Machine Learning Services: Python,"Learn how to analyze SQL Server data with Python. Database expert Adam Wilbert shows how to use a powerful combination of tools, including high-performance Python libraries and the Machine Learning Services add-on, directly inside SQL Server to streamline analysis. Adam shows how to use Python scripts to perform statistical analysis, generate graphics such as scatterplots and bar charts, and process tabular data. He also explains how to turn a Python script into a stored procedure and set up standalone ML services to execute scripts without impacting SQL Server performance.",Course,2021-06-09 13:24 UTC,N/A,false,N/A,
React: State Management,"Choosing the right state management solution can be tricky. Developers need to evaluate a variety of options—each with their own trade-offs—and select the right approach for their needs. In this course, instructor Sravanti Tekumalla helps you navigate this process, exploring the guiding principles behind state management for React applications. Sravanti digs into various state management solutions, as well as common issues you may encounter as your React application grows more complex. Throughout the course, she lends these concepts a real-world context by showing how to modify a simple book application. She also covers how to integrate React with state management systems like Redux and explores alternatives to Redux, such as MobX, and why they might be appealing.",Course,2021-08-09 14:15 UTC,N/A,false,N/A,
"Node.js Essential Training: Web Servers, Tests, and Deployment","If you’re looking to deepen your essential knowledge of Node.js, you’re in luck. This powerful tool for controlling servers and building web applications allows you to work from just about anywhere. In this course, instructor Eve Porcello walks you through how to connect with web servers and test and deploy Node.js applications.<br><br>Get a thorough introduction to the HTTP module to make a request and build a web server. Learn how to install and manage Node.js tools with the node package manager (npm). Along the way, Eve teaches you how to use WebSockets for real-time two-way communication between web servers and clients, demonstrating how to create a chat application that’s testable and easy to use. By the end of this course, you’ll be ready to start testing and debugging Node.js code on your own, using the available tooling to streamline common tasks such as compiling and minification.",Course,2022-10-19 23:07 UTC,N/A,false,N/A,
PowerPoint for Mac Essential Training (Office 365/Microsoft 365) (2019),"Learn how to create, edit, and share presentations with Microsoft PowerPoint, the powerful presentation and slideshow tool included with Office 365 for Mac. Jess Stratton begins by stepping through how to build a slideshow from scratch, as well as how to leverage PowerPoint templates and themes for quick construction. Jess then demonstrates how to add and edit text, images, charts, video, and animation; format slides for consistency; and add speaker notes and transitions to ensure a smooth delivery. Plus, discover how to collaborate on changes and then share your final presentation as a video file or PDF.",Course,2021-10-12 21:10 UTC,N/A,false,N/A,
Ember.js: The Documentary,"Starring Yehuda Katz and Tom Dale (co-creators of Ember.js), as well as many other big names from the Ember community, <i>Ember.js: The Documentary</i> explores why and how the JavaScript web framework Ember.js came to be, the pioneers behind its creation, and the life-altering decisions that go into making open-source software.
<br><br>Note: This course was created by Honeypot. We are pleased to host this training in our library.",Course,2022-08-08 00:56 UTC,N/A,false,N/A,
8 Git Commands You Should Know (2022),"If you’re a software developer, you probably already know that Git is one of the most useful version control systems out there. But while most developers have mastered the basics of Git, it can be a bit harder to take your skills to the next level and become an advanced Git user. In this course, instructor Ronnie Sheer shows you how to make the move from intermediate Git developer to the realm of finely tuned, source control expert.<br><br>Learn eight power-user Git commands that can save you time, prevent bugs, and more. Find out how to increase your productivity as well as minimize your moments of frustration. Ronnie walks you through a few basic tricks like stashing and adding changes, and then turns to more advanced techniques, such as undoing commits, reverting, and setting up precommit hooks. Test out your new skills with Git-command challenges along the way.",Course,2022-05-20 23:22 UTC,N/A,false,N/A,
GraphQL: The Documentary,"This film from Honeypot Originals, featuring Lee Byron, Dan Schafer and Nick Schrock (co-creators of GraphQL) and other big names from the GraphQL community, <i>GraphQL: The Documentary</i> explores the story of why and how GraphQL came to be and the impact this open-source data query and manipulation language is having on big tech companies worldwide, including Facebook, Twitter, Airbnb, and GitHub.

<br><br>Note: This course was created by Honeypot. We are pleased to host this training in our library.",Course,2022-10-21 16:32 UTC,N/A,false,N/A,
JavaScript: Patterns,"For the past two decades, programmers have structured both their code and their conversations about code around the patterns first described in <i>Design Patterns</i>, the classic Gang of Four book. JavaScript programmers have participated in these conversations, but the patterns discussed mostly fit in the world of orthodox object-oriented programming. In this course, Emmanuel Henri explains how these patterns fit with JavaScript. He demystifies the purpose of some of the most common patterns, providing code examples along the way. Learn about key creational, structural, and behavioral design patterns, and how you can apply each of them in your JavaScript code.",Course,2021-04-20 12:12 UTC,N/A,false,N/A,
