Company Name,Title,Description,Location,Started On,Finished On
Rye,Senior Software Engineer,"Worked on tutorial.rye.com, built with React and Tailwind. Also worked on internal manual fulfillment app, built with Remix, React, Tailwind, Node, and TypeScript.",Remote,Oct 2022,Dec 2022
TextUs,Senior FE+DX TypeScript Dev,"Raised code review standards, upgraded prettier v1->v2, eslint v5->v8, cypress v5->v10, exposed hidden request-related errors, created E2E type safety RFC, created system to move team towards 100% type safety with every PR.","Denver, Colorado, United States",Jun 2022,Oct 2022
WinField United,Senior FE Platform Engineer,"Lead frontend dev on ATLAS platform team. Updated Next.js 9->12, NextAuth.js 3->4, Webpack 4->5, prettier, eslint, typescript, and node. Improved CI/CD quality checks, added multi-tenancy support, and modern pino-based logging.","Arden Hills, Minnesota, United States",Nov 2021,Jun 2022
"Ameriprise Financial Services, LLC",Senior Software Engineer (React+Typescript),Created company specific form library based on React-Hook-Form and typescript. Unit and e2e testing with Cypress and Jest. Lots of Typescript and React Hooks.,Remote,Sep 2020,Nov 2021
Best Buy,Senior Software Engineer,"React, Redux, Jest, cypress, reselect, ssr, node, express. Worked on preferred store location cookies, diagnosed and patched bug in fetch polyfill affecting iOS 11+10, causing the users store to get incorrectly overwritten with geolocation.","Richfield, Minnesota, United States",Feb 2020,Jun 2020
BI WORLDWIDE,React/Javascript Developer,"Worked on several apps with Custom CMS. Upgraded React 15 => 16, Webpack 1 + Gulp => Create-React-App + Craco (Webpack 4). Built node proxy to use data from any backend, with ability to record and re-serve requests. Mastered git submodules, but migrated to classic monorepo. Began typescript migration. Created language debug mode to find hardcoded english. ","Edina, Minnesota, United States",Jan 2019,Jan 2020
Allen Interactions Inc.,Frontend Web Developer,"Created simple, fun, interactive learning experiences using HTML5, CSS and JavaScript.","Mendota Heights, MN",Oct 2018,Jan 2019
Alliance Laundry Systems LLC,Ember/Javascript Developer ,"Worked on ember-frontend of laundromat management app, with emphasis on re-writing washer/dryer programming UI. Setup sentry.js error dashboard.",Remote ,Nov 2017,Oct 2018
EPAM Systems,JavaScript Developer,Built a simple internal app for the finance department of Google,"Mountain View, CA",Apr 2016,Jun 2016
Opera Software,Software Developer,"Originally brought on for 3 month project; a network injected javascript toolbar.  I was then put onto a second project, a browser extension for a new consumer app. I architected the extension so all ui was loaded through a simple iframe, which pointed to a ""mobile"" site with all the ui. This mobile site was built with Ember.js. This meant we rarely needed to publish updates of the core extension to the chrome web store.   I also worked on the Node.js backend api, supporting the android and iOS clients.","Sunnyvale, CA",Jun 2015,Jan 2016
Amobee,JavaScript Developer,"Collaborated with C Engineers on a hybrid native/web ad SDK. Developed ads using their proprietary markup language. Made critical contributions to the markup language, resulting in faster development and less duplication. ","Redwood City, CA",Apr 2013,Aug 2013
TrackIf LLC,Javascript Developer,"Designed and implemented initial versions of bookmarklet, Chrome and Safari extensions with code-sharing and live update capabilities.",Remote,Dec 2012,Feb 2013
Freelance,Web Developer,"I've written 14 chrome extensions that have been downloaded, in total, thousands of times.",,Jun 2011,Dec 2012
Refactr LLC,Software Developer,Developed a chrome extension and bookmarklet to embed the functionality of their MileMarker product into the browser.,,Sep 2011,Nov 2011
CribFrog,Lead Developer/Designer,Collaborated with the founder of this startup to prototype the first version of a social application for residential tenants using PHP.,Greater Minneapolis-St. Paul Area,Aug 2011,Sep 2011
HitMeUp,CEO/Co-founder,"Built a team and developed this social media application for connecting with friends nearby. Used PHP, MySQL, SVN, Twilio and integrated into Facebook via chrome extension.",,Jan 2011,Aug 2011
Snap Speed Computer Care,Owner,"Had my own computer repair service in high school. This gave me a very real view of how the elderly work with technology, and greatly influenced my UX perspectives.","Virginia, MN",Feb 2010,Sep 2010
Mesabi Range College,Tutor,,"Virginia, MN",Aug 2009,May 2010
