First Name,Last Name,Company,Job Title,Text,Creation Date,Status
Brandon,L,Fame Engine,Self,Brandon is a pretty fast coder.,"10/16/12, 07:32 AM",
Sergey,Lossev,Samsung Electronics,"Sr Director, Product Management","Working with Sergey was really enjoyable. We were always able to quickly agree on the best design details of the Thred extension I made for him, and I had a solid amount of creative freedom. To any developers, designers, managers and founders, I definitely recommend working with him.","09/20/12, 11:30 PM",
Ehsun,Angadjivand,Daily Thermetrics,Department Manager of Field Engineering Services,"Me and Ehsun ended up sitting next to each other in class. He would regularly take initiative to get everyone together to actually get our work done and get it done well. We also became good friends, and that friendship will probably last a lifetime.    He's a great guy, and a very very serious student.","11/13/11, 12:12 AM",
Admas,Molla,Whitepages,Software Engineering Manager,"Admas is a superior programmer, jumping right to the task or idea without a second of hesitation.     He jumps right on the most difficult and complex tasks, and doesn't stop until it's done.     He could speak up about more about his ideas and thoughts, but I'm sure that will come.","04/10/11, 07:13 PM",
