First Name,Last Name,Company,Job Title,Text,Creation Date,Status
Mikhail,Shin,"Akvelon, Inc.",Senior Software Development Engineer,"I worked with Devin at Rye. He is a very skilled developer and he is a team player. He produces easy-to-review pull requests with meaningful commit messages, uses advanced typescript techniques. Loves to share his knowledge and he can be a great mentor too. Devin is a developer who can build big projects and they will work well.","12/08/22, 03:25 AM",VISIBLE
Sergey,Lossev,Samsung Electronics,"Sr Director, Product Management","I hired Devin to code a chrome extension that had a facebook SDK integration component , and some non trivial script injection dependencies. Devin powered through the project in record time, and had a good sense for design and usability while doing the trickier coding parts. He is one of the most talented young coders ive ever met.","09/20/12, 11:57 PM",VISIBLE
Ehsun,Angadjivand,Daily Thermetrics,Department Manager of Field Engineering Services,"Devin is a very rare type of person. He is the type of student who doesn't look for the grade in a class, but the experience and being able to take something away from it to apply in life.","11/13/11, 12:20 AM",VISIBLE
Admas,Molla,Whitepages,Software Engineering Manager,"Devin is good coder, he knows what he wants and he knows how to get his thoughts out in the real world","04/26/11, 04:36 PM",VISIBLE
