Saved Search Date,Jobs Search Url
"10/19/22, 5:33 PM",https://www.linkedin.com/jobs/search?keywords=javascript+developer&distance=24%2E9999301285&orig=JOB_ALERT
"10/19/22, 5:33 PM",https://www.linkedin.com/jobs/search?keywords=frontend+developer&distance=24%2E9999301285&orig=JOB_ALERT
"10/17/22, 2:31 PM",https://www.linkedin.com/jobs/search?keywords=sofi+front&orig=JOB_ALERT
"8/7/22, 11:08 PM",https://www.linkedin.com/jobs/search?keywords=senior+software+engineer&distance=24%2E9999301285&orig=JOB_ALERT
